2e0000ea24ffae51699aa2213d84820a84e409ad11248b98c0817f21a352be19
9309ce2010464a4af82731ec58c7e83382e3cebf85f4df94ce4b09c194568ac0
1372a7fc9f844d73a3ca9a615897a327fc039876231dc7610304ae56bf388400
40a70efdff52fe036f9530f197fbc08560d68025a963be03014e38e2f9a234ff
bb3e0344780090cb88113a9465c07c6387f03cafd625e48b380aac7221d4f807
0000000000000000000000000000000030319600800000000000000000700000
060000ea00000000000000000000000000000000000000000000000000000000
0103a0e3080280e51200a0e300f029e1b8d09fe51f00a0e300f029e1b0d09fe5
01008fe210ff2fe12b4840010bd2784640010dd302221206284b9b1a161c9100
00f03cf8304740210903c80100f02bf823482449091a00f026f823482349091a
00f021f82249234a234c00f026f82349234a244c00f021f8234a2449531a02d0
234a00f01bf82349234a244c00f015f8234924480860244b00f00ef800200021
224b00f009f803228918914303d0002204c00439fcd170471847a31a03201b18
834303d001c901c2043bfbd17047c046a07f0003007f0003000000026c380102
b8000003d80400036c1c01026c380102f4010102d8040003501f00033c010102
00000003b80000036c1c01026c1c0102501f00036c1c01026c1c01026c1c0102
3003000300000402ed170002a9150002f8b5c046f8bc08bc9e467047a0230449
db0402881a80023302308b42f9d1704700040005f8b54e464546de465746a023
8946e0b53f4c404ddb04fb22198812069a180233a152ab42f7d103029a46f823
5b01a3469846394d5b4642461b881f02de009b08174016401a4053464946d81b
140008f0e7fb534628806f80981b494608f0e0fb5346a880ee80181b494608f0
d9fb02239c462a4b28816c810c35e3449d42d9d100239c464b46002b3ad0c022
52019046214b43441e001f4be0469a461c491e4a0020135e0224105fc0180423
d75e0624135fdb190824175f0a25545fa4466744d38057811b123f125b01bf02
50803b43001203430c320b800231b242e0d105dfa0230b49db04fb2212069a18
8a5a1a8002335345f7d101239c46e044c145ced13cbc90469946a246ab46f8bc
01bc00476c340102000400056c1c01026c340102f0b54e46de4657464546a023
8946e0b583b00190464c4748db04fb22198812069a180233a1528342f7d10023
9b46f8235b019846404e5b464146e35a1a02114042468a465946df009b081740
1a40019b5d5a43462802184053464946c01a009208f04efb5346738043463080
e8001840c01b494608f044fb4346f780ad08009f1d40b0804946e81b08f03afb
02239c462a4b308177810c36e3449e42cbd100239c464b46002b39d0c0225201
9046224b43449a461f4be0469b4621001e4a0020135e0225505fc0180423d75e
0625535fdb190825575f0a26955fac466744d38057811b123f125b01bf025080
3b43001203430c320b8002315245e0d105dfa023db04fb2212069a18a25a1a80
02335b45f7d101239c46e044c145ced103b03cbc90469946a246ab46f0bc01bc
0047c0466c340102000400056c1c01026c340102012040427047c04601204042
7047c046024b18780123584040427047dc020003f0b5de46454657464e46e0b5
7e4d9b462b7883b0002b00d1f2e0002a00d1efe05b46002b00d1ebe0784b0026
9a461778002f27d03100b34524d9531c994601361b2f02d153785b2b55d06868
1d2823dcac684200c0216b69c904db0259188918a20189183a000a3a1206120e
032a2cd94a46ab691b031f4301300f8068601778002fd7d1300003b03cbc9046
9946a246ab46f0bc02bc084700236b60ab685c1c132c00dca3e06b69594adb02
9c18594a90469844210020004039574a403400f009fd4445f6d16868c2e7621c
132a00dc91e04f4aac609c184e4a9f182100200040394d4a403400f0f5fcbc42
f6d100234a466b609be74c460120891a135c413b01341b0666181b0e342b6ed8
57469b00fb589f46484402380378322b0ed16b69d802c023db049c463c4b6044
03603c4a010000f0cffc00236b60ab60220076e701aa3849484601f055fa019a
94466b6863441d2b00dd1d236b60220067e701aa3149484601f046fa019a9446
ab686344132be2dd1323ab60e0e701aa2949484601f038fa6b68019a9b1ada43
d21713406b60e2e72a002b1d08322449484601f029fa220043e76b68eb60ab68
22002b613de72a002b1d08321d49484601f01afa220034e7eb686b602b69ab60
b6e701aa1849484601f00efaab68019a9b1ada43d2171340ab60220021e70130
86e7ac60002200202ee70023aa606b604a4616e7012676423ee7c046dc020003
50b0000240000006400500060f00000420002000000200014cba000244ba0002
2cba000234ba00023cba0002084b5869c023db049c4610b5064bc00260440360
054a010000f040fc10bc01bc0047c046dc020003200020000002000170b5002a
23d001268a1835000b781d405c0834402d0125439c082d0134402c43dd083540
24012c431d092401354025435c0934402d0125439c092d0134402c432401db09
2343013108c08a42ddd170bc01bc0047f8b5344c520014190d0282002a431204
120c069f2280002b57d0002f55d0c022d204944680036044002f24d006000125
df192c001a78144050082840240104439008240128402043d4082c4000012043
140900012c400443500928402401044390092401284020430001d20902430133
04c69f42ddd1184c079b184aa361184b536068336161936008f01af800230222
0021c06801f07ef808f012f8002302220021806801f076f86369d802c023db04
9c460c4b604403600b4a010000f0acfb01232370f8bc01bc0047084b1f68084b
a5e7c04608000004dc020003e80e000324b100022000200000020001f4b90002
f4b100028022f8b5324bd2001a80324b1e68002e26d0c025002401202f4fed04
01003b5d19405a080240090111439a08090102400a43d908014012010a431909
1201014011435a090240090111439a09090102400a431201db091343013408c5
a642ddd104231e4c63610b331d4aa3611d4b53606833936007f0aaff00230222
0021c06801f00ef807f0a2ff002302220021806801f006f86369d802c023db04
9c46124b60440360114a010000f03cfb01232370a0230f4adb041a800e4a0f4b
1a80802280235200db041a80f8bc01bc0047c04608000004f4b90002f4b10002
dc020003e80e000324b100022000200000020001a7510000ff7f0000e2010005
f8b5284d060068681d2818dcac6842006b69d902c023db04cb189b18a2019a18
33000a3b1b061b0e032b20d9ab691b031e43013016806860f8bc01bc00470023
6b60ab685c1c132c25dd6b69df02164bfc18164b9c466744210020004039144a
403400f0e1fabc42f6d16868cee7631c132b14dd0c4bac60cc180c4bce182100
200040390a4a403400f0cefab442f6d100236b60d0e7ac6000220020b8e7ab60
f6e7c046dc02000340000006400500060f0000047047c0460022124b12495a60
196099601961996119629962196399631964996419659965196699661967da60
5a61da615a62da625a63da635a64da645a65da655a66da665a67044a044b1a60
7047c04670030003150a000200000003fc7f00030022124b12495a6019609960
1961996119629962196399631964996419659965196699661967da605a61da61
5a62da625a63da635a64da645a65da655a66da665a67044a044b1a607047c046
70030003150a000200000003fc7f0003374b0200586810b500284bd0824249d0
d868002849d0904247d05869002846d0824244d0d869002843d0904241d0586a
002840d082423ed0d86a00283dd082423bd0586b00283ad0824238d0d86b0028
37d0824235d0586c002834d0824232d0d86c002831d082422fd0586d00282ed0
82422cd0d86d00282bd0824229d0586e002828d0824226d0d86e002825d08242
23d00e24e400181919511b195a6010bc02bc084718000024f6e70124f2e70224
f0e70324eee70424ece70524eae70624e8e70724e6e70824e4e70924e2e70a24
e0e70b24dee70c24dce70d24dae7c04670030003374b0200586810b500284bd0
824249d0d868002849d0824247d05869002846d0824244d0d869002843d09042
41d0586a002840d082423ed0d86a00283dd082423bd0586b00283ad0824238d0
d86b002837d0824235d0586c002834d0824232d0d86c002831d082422fd0586d
00282ed082422cd0d86d00282bd0824229d0586e002828d0824226d0d86e0028
25d0824223d00e24e400181919511b195a6010bc02bc084718000024f6e70124
f2e70224f0e70324eee70424ece70524eae70624e8e70724e6e70824e4e70924
e2e70a24e0e70b24dee70c24dce70d24dae7c0467003000300220f4b1a80c307
04d508210d4a13880b431380830704d510210a4a13880b431380430704d52021
064a13880b431380054a1388184310800122014b1a8070470802000404000004
000200040021114a03001180c20704d508200f490a8802430a809a0704d51020
0b490a8802430a805a0704d5202008490a8802430a80074a108818430004000c
10800122014b1a807047c04608020004040000040002000400220f4b1a80c307
04d508210d4a13888b431380830704d510210a4a13888b431380430704d52021
064a13888b431380054a1388834313800122014b1a8070470802000404000004
0002000400220f4b1a80c30704d508210d4a13888b431380830704d510210a4a
13888b431380430704d52021064a13888b431380054a1388834313800122014b
1a807047080200040400000400020004f0b557464546de464e46e0b58bb00992
c37a827a1b0213431b041a14c3790f0081791b020b431b041b14d31a01330493
427a017a12020a43120411144279037912021a430123120412148a1a02329a43
9046f02a00dc00231b0600d090e0049a0123a02a00dc9fe01b0600d088e00300
049a8033002a70dd4246521011000392023a5208013250000790484883460892
920006925a4405924a000292002201923f3291463a004746904600255e46002f
06dc1ae00135347001330136af4214dd1c784a4621009143c029f3d114409a1c
92465978002c04d03000220000f0dcfc36192d195346af42eadc039800282edd
424600245d4600210432954261415a4600254646043296426c410c2282429241
214352420a423cd0424659460a43920737d140460022089d10c9013210c0aa42
fad3069a424411000398079a824202d0059a12880a80029a424410008046019a
0499013201928a42a7d1154a099c581c9d1843780278db10d2105b0113438278
d210920213430330238002348542f0d10bb03cbc90469946a246ab46f0bc01bc
004742460299501859460c881480023202319042f9d1d1e700235de7e8030003
010300000bdf70470cdf7047000051e34300000a01c020e000106142012051e2
2700000a0030b0e100306042010053e12600009a020011e12800000a0e0211e3
8111a0010820a0030120a013010251e3030051310112a0310222a031faffff3a
020151e3030051318110a0318220a031faffff3a0000a0e3010053e101304320
02008021a10053e1a1304320a2008021210153e12131432022018021a10153e1
a1314320a2018021000053e32222b0112112a011efffff1a00005ce300006042
1eff2fe100003ce1000060421eff2fe10000a033cc0fa001010080031eff2fe1
010851e32118a0211020a0230020a033010c51e32114a02108208222100051e3
2112a02104208222040051e303208282a120829000005ce33302a0e100006042
1eff2fe11fff2fe10000a0e1000050e30201e0c30201a0b3621e00ea000051e3
f7ffff0a03402de9b1ffffeb0640bde8920003e0031041e01eff2fe17047c046
01c020e003001ce32100001a03c010e20300c0e30310c1e3042090e404309104
0600000a03c02ce2ff34e0e38cc1a0e133cca0e1043091e40c2082e10c3083e1
04402de50140a0e3044484e1044884e104c042e0030052e102c0cc0184031c01
0420900404309104f8ffff0a020ca0e12224a0e1010050e3030c50212334a001
f9ffff0aff3003e2200c63e004409de41eff2fe1030010e30600000a0120d0e4
0130d1e4010052e303005221f8ffff0a030042e01eff2fe130002de90140a0e3
044484e1044884e1042090e4035001e20310c1e3043091e4020055e31700000a
2d00008aff54c2e3230455e104c042e002c0cce10700001a84c31ce004309104
0600001a025025e0030c55e10800001a042090e4f2ffffea2334a0e1360000ea
ffc4dce33100001a0030d1e5225ca0e1310000ea225ca0e1ff3003e22e0000ea
0258a0e104c042e02558a0e102c0cce1230855e10e00001a84c31ce004309104
0400001a025025e0030855e10600001a042090e4f1ffffea0cc8b0e11b00001a
b030d1e12258a0e11b0000ea0338a0e12258a0e12338a0e1170000eaff5002e2
230c55e104c042e002c0cce10700001a84c31ce0043091040600001a025025e0
030455e10600001a042090e4f2ffffea233ca0e1080000eaff0012e30300000a
043091e42254a0e1ff34c3e3020000ea0000a0e33000bde81eff2fe1ff2005e2
ff0003e2010050e3020050212554a0012334a001f8ffff0a000042e03000bde8
1eff2fe1012051e21eff2f013600003a010050e12200009a020011e12300000a
0e0211e38111a0010830a0030130a013010251e3000051310112a0310332a031
faffff3a020151e3000051318110a0318330a031faffff3a0020a0e3010050e1
0100402003208221a10050e1a1004020a3208221210150e12101402023218221
a10150e1a1014020a3218221000050e32332b0112112a011efffff1a0200a0e1
1eff2fe10100a0030000a0131eff2fe1010851e32118a0211020a0230020a033
010c51e32114a02108208222100051e32112a02104208222040051e303208282
a12082903002a0e11eff2fe11fff2fe10000a0e1000050e30000e013911d00ea
000051e3f8ffff0a03402de9bcffffeb0640bde8920003e0031041e01eff2fe1
000053e3000052030400001a000051e3000050030010e0130000e013861d00ea
08d04de200602de9881d00eb04e09de508d08de20c00bde81eff2fe110402de9
000051e30200001a050000eb200080e2010000ea0100a0e1010000eb1040bde8
1eff2fe11c10a0e3010850e32008a02110104122010c50e32004a02108104122
100050e32002a0210410412208208fe20000d2e7010080e01eff2fe104030202
010101010000000000000000074b0848033310b51b1a062b04d9064b002b01d0
00f00af810bc01bc0047c046501f0003501f0003000000001847c04608480949
091a8910cb0f591810b5491004d0064b002b01d000f00af810bc01bc0047c046
501f0003501f0003000000001847c04610b5084c2378002b09d1fff7c7ff064b
002b02d0054800e000bf0123237010bc01bc0047b80000030000000038010102
0b4b10b5002b03d00a490b4800e000bf0a480368002b04d1fff7c0ff10bc01bc
0047074b002bf7d000f00cf8f4e7c04600000000bc0000033801010234010102
000000001847c046f0b5de464e464546574680248a23e0b55b01e40483b02380
fff758fa0120fff78dfb754b2380754b1c00c02108342200c90473489b46fff7
f7fb3c212000fef7b5fe704b9946704c704d21884b46fc2261801b8812021343
a0222f00d2042e00904623801437328892460a0050469a431900104205d10236
b742e7d00b006188f1e7042860d0082816d15b465b68f32bf1d18023584adb04
1a800823c0215b449a461a00c9045a48fff7befb3c215046fef77cfe2188dee7
5a4612681900072ad9dc5b4601321a60fff7f8f85346102b5dd055d95346402b
74d0802b60d0202b29d000235a46526894465a466344536053466068202b24d0
70d95346802b55d071d980235b009a4565d0db189a4501d1404b0193019900f0
81fa424682463e4b606013803d4800f0b9f851463c4800f0b5f821889fe75b46
5a465b686e3353606068384b0193e5e700225b461a60636818009a4600f092fa
00210200504600f0aff842462c4b2d48138000f097f82e492b4800f093f85b46
002221885a607ae7012b16d052460e23022aabd0a9e75b465a465b683a335360
6068244b0193b9e75b465a465b680c3353606068204b0193b0e75b465a465b68
0333536060681d4b0193a7e75b465a465b68283353606068194b01939ee7194b
01939be7022b05d1174b019396e7402b94d1f1e7102bd4d0012b8fd1e3e7c046
04040000d40000038495000230010004d80400033cb00002ac8a000200ba0002
8314000018ba000220ba000208ba000240ba00020cba000214ba0002f8b90002
10ba000204ba0002fcb9000270b5104e104dad1bad100024002d06d0a300f358
013400f01df8a542f8d1fef701fd0a4e0a4dad1bad100024002d06d0a300f358
013400f00df8a542f8d170bc01bc00472c0101022c0101022c01010230010102
1847c0460fb430b583b006ac20cc06f0efff23002a008168019402f02bfb03b0
30bc08bc04b01847f0b5830747d0541e002a41d00d062d0e0200032602e01a00
013c39d3531c15703342f8d1032c2ad9ff220a40150215432a0415430f2c14d9
27001a00103f3e09013636019e19156055609560d56010329642f8d10f229743
1037db191440032c0dd91a00271fbe080136b6009e1920c2b242fcd103229743
0437db191440002c06d009061c19090e197001339c42fbd1f0bc02bc08471400
0300c3e7f0b54746ce4680b583b00400884616001d0006f08bff071e03d0836b
002b00d18fe0022e05d0012e00d9b3e0002d00dab0e0236fdb0733d521003800
04f090fb216b002908d023004033994202d0380004f07efc002323630023a361
63600c22a35e1a063fd44e4a1340a381022e1ed001ab6a462100380005f086f8
a3891843a081002d36d1009d280005f0fbf88046002800d16fe08022a3891343
a3812ce0a3899b05c8d4200006f094fec4e70025022213430022a26022004332
226022610122216fa3816261114204d19b0502d4200006f087fe280003b00cbc
90469946f0bc02bc08472169380004f031fc0c22a35eb8e74346002bc6d0bb6b
002b2cd0009b9d422fd08023a2891b0113431b041b14a381012e2ad042462260
226108221b041b0c65611a400ed0da0713d500226d42a5610125a260226f1540
c6d00025c9e704f06dfb6ce7a2600125226f1540bcd00025bfe7a560f7e73800
04f060fb009b9d42cfd10c22a35e012ed4d101221343a381d0e7009b9946ab42
05d0180005f080f88046002807d101250c22a35e6d428de701256d429de74d46
7be7c0465cf3ffff0eb4812370b5a1b002ac25ad9b0040cda3810290069000f0
b1f80b4b2362002323636364013be38160606061019506f0abfe019b32002100
00f084f921b070bc08bc03b01847c046291b000270b50c000e25495f06f072fd
00280adb0200256d666dc317521973412265636570bc02bc0847a389014a1340
a381f7e7ffefffff00207047f0b516001f000c228b5e83b005000c00da0509d5
0e23c95e022300220093002306f01cfd0c22a35e064a1340a38132000e23e15e
28003b0006f090fd03b0f0bc02bc0847ffefffff30b583b00c000e25495f069d
009506f001fd431c0ad08023a2895b011343a3812065616503b030bc04bc1047
4b1cf2d1a389024a1340a381f4e7c046ffefffff10b50e23c95e06f08ffc10bc
02bc084770b50500830716d102680f4b0f4cd318934323420fd1043002680b4b
d3189343234208d104300268074bd31893432342f1d000e001300378002bfbd1
00f008f8280070bc02bc0847fffefefe80808080031c0a7801311a700133002a
f9d1704710b5830727d00378002b26d00300032102e01a78002a1cd001330b42
f9d119680f4a104c8a188a43224206d1043319680b4a8a188a432242f8d01a00
1b78002b03d0013211780029fbd1101a10bc02bc0847181afae70300e1e70020
f6e7c046fffefefe8080808070b514004b1c1ed093892022ff259343a381236b
0e06360e0d40002b16d06368626b93420ada2368013b23601e70636801336360
280070bc02bc0847210001f07ffa0028efd001256d42f3e722692368002a05d0
9a4203d25a1e11788d420fd0a3632300403323630323626863633f33e263e654
23004233236001236360d9e76368013322606360d4e7c04610b50c00096b0029
11d023004033994201d004f093fa00232363e36b6360002b05d00020a36b2360
10bc02bc0847236923600023202201206360a3891343a3814042f1e7f0b5de46
9b46574645464e465b465343e0b583b0804601920c9c9a46002b26d01f000023
0e00994611e0216830002a0005f098fb23685b1923604b462100636040467619
7f1bfff7b9ff002819d16568af42ead83a002168300005f083fb6368db1b6360
23689c46da4667442760504603b03cbc90469946a246ab46f0bc02bc08475346
0199d81b06f04afe8246eee7f0b5de4657464e4645468046e0b5ffb00f001400
0021082210a80793fff72efd00230026c34609930a9305930493089306f008fd
436b002b00d1b1e0e4229d5804f00afe10aa030000920fa92200584601f0c4f9
002800dabbe00f9a03002418002a2bd0012800d1bfe0252a32d00028ded0a11b
7a68cb1a85199846002a0fdd42463b68925d1978914217d17a680133013a0136
7a603b60ae42c9d0002aefdc39005846fff742ff0028e9d0089b002b00d12ce2
bb895b0600d528e208987fb03cbc90469946a246ab46f0bc02bc08470120243b
049a91460022069290469246103294462578621c03927a2d03d8c649aa008a58
974604f0c3fd032345196a781340012b02d142461a439046bf4b0a930a230325
05937b68002b00dcdbe1434608245b0640d55346022d00d101e1032d00d1afe0
012d00d182e0002b01d101339a46012443461c4200d0f8e24346db0600d48be2
b046002455465e460ce03a689446e418ed1a63443b6039003000fff7ddfe0028
00d0d5e37b68ab42efdbaa46b34646465b1b7b603b6853443b6054443619039c
06f056fc436b002b00d04de79b4b4be701323a6004f06afd3a681378c0184378
1c42b6d07b68013b01367b60002befdc39005846fff7b0fe0028ebd06ce7904b
0822002110a80f93fff74efc0f9b0134002b00d168e704f049fd0f9bc0184278
12071dd5a0467b6808255c460de004f03dfd3a681378c01843781d420dd07b68
0132013b7b603a600136002befdc39002000fff781fe0028e9d0a3464446fde6
252b00d14ae70123012018e7002b01d1013b9a464346db0600d4f9e000253a68
3eac1378e35c002b14d07b680132013b01357b603a60aa450fd0002bf1dc3900
5846fff759fe002807d13a681378e35c002bead1002d00d116e77619039ccde6
0022013b0b92262b00d9cce0d824434624011c4300239846330014ad2e005546
9a463a6811780b002b3b1b061b0e4d2b1dd854489b00c3589f46c0238020db00
23408000834212d14f4b1c40a023db001c43102305937b68013b31707b600136
002b79dd01323a60013d002dd9d132000b965646e30508d514ab9a4200d98de2
0b9a14ab9a4200d1cee61023234000d1cae10b9a14abd51a45447619aee7002b
01d1013b9a46012544462c4000d01fe24346db0600d466e1082504f097fc3b68
1a788018427815420fd17a680133013a01347a603b60a24507d0002aeddc3900
5846fff7d9fd0028e7d03619039c55e6059b0a2bbbdd254b1c40ace7059b2448
5b001b5e0593082bf5dcb0e7059b20485b001b5e05931d4b1c409ce723059ad5
059b002b05d180239b001c43f93bff3b0593630500d52ee2164b1c400b9b002b
02d0013b0b93013501239c467b68013be0447b60002b85dc39005846fff79cfd
002800d180e782e78023234200d17ee79c4370e758ba00023d7e000260090003
fdff000044bc0002fffdffff7ff4ffff7cbd00027ffcffff424602210a436578
9046039c55e6263b0b9327239a462de7069b002b00d0e4e1049a130009990133
8a4200dbe2e24a4691001eaa8a589146049355463b681a783eaca25c013d4946
4d44b046002a14d07a68013a7a605a1c3a601b784e1c0b708d4200d1d7e17b68
002b00dcafe13b681a78a25c3100002aead14646884643464a469d1a00d103e6
002342461370089b013308937619e5e6424601231a4390467b680225002b00dd
23e639005846fff727fd002800d11ce6e2e5424601231a439046d74b0a930823
032505930de6424601231a439046424640231a439046002503e601235b420893
d2e5039ca9e5cd4b0a93002303250593f7e55246202a01d900f067fe01225242
5244914601220692002265789246039ccfe5882342469b001a43bf4b0a931023
904605930325dce5424661460a4365789046039cbde56578039cbae565784246
6c2d00d186e201210a439046039cb0e54346039cdb0600d550e543461b0700d4
86e2069b002b00d002e3049b09995a1c8b4201db00f051fc4b4699001eabcb58
04921e70039c39e552469200524452005519302252429246aa446578039c88e5
65784246682d00d15be204210a439046039c7ee5424601231a4390468ce5964b
0a930a23032505938be58023a2e73eac0399200005f0d4fa424640231a430390
904601257de5069b002b00d11ae1099b994500da7de2099bea1a99001eab9c46
00234a44079892006144c458cc5004339342fad1079a94469c44634607934b46
013309937eaa4b4694469b006344813bff3b1b6806930de1069b002b00d12fe1
099b994500da4fe2099be21a99001eab9c4600234a44079892006144c458cc50
04339a42fad14b4601330993079b9c46944463467eaa07934b4694469b006344
813bff3b196822e10b9a14a913705846059b00220a9d00f087fea30600d42ee1
069b002b00d12ae2099b994500dacae24a46099bd21a99001eab9c4600236144
844601320b9d079c9200e058c85004339a42fad14b4601330993079b60469c46
0b95944463467eaa07934b4694469b006344813bff3b1b681860089b0b9a0133
089314abd51a4544f7e512ab0822180000210b93fff798f9102342461a400c92
00d000e1069b002b00d0f4e1049a1300099901338a4200dba4e24a4691001eaa
8a58914604935346002b00d0f1e035e012ab0822180000210b93fff775f91023
42461a400fab0c929846002a0cd1069b002b00d1d9e1099b994500dbebe24b46
9a001eabd358984600231c0001330125994604f05bfa4a463b681b78c0184378
db086b401a4203d05346002b00d0fde10c9b002b00d051e542461360089b0133
0893039c1ae439005846fff795fb002800d148e64346b0461e00c14500d04ae6
4ae4099b994500db12e14b469a001eabd35899461de60a4b1c405ce51500013d
29783a005846fff731fb0b9568e54346b0461e002fe6c046b98100023d7e0002
7ffaffff049a1300099901338a4200da53e109981f2800dd0ae2079c21680d00
1eaa069181008d50221d07920200013209920493069b524699461c000823013a
91449a46b0464d4604f0f0f951463b681a7880184278114200d092e17a68013a
7a605a1c3a601b78661cb1462370ac4200d113e17b68002b00dc08e13400e3e7
049a1300099901338a4200daf9e0099c1f2c00ddd3e1079d29681eaaa0008150
2a000432079222000132099204930097534601225846fff731fb002801d1fff7
cbfb089b013336180893039cfff786fbb3464646002c00d030e4fff7bdfb2307
00d520e1630700d4efe1069b002b00d132e3099b994500db91e34b469a001eab
d3581880e9e6002399465346002b00d194e4002514acb04613e00c9b002b4ed1
4a461360013b9c46b044e24404239c460025e1447b68002b2fdd5346002b00d1
22e104f05ff9a84201d1fff785fb3b681a78013362557a683b600b9b013a6e1c
7a604946009322003300584604f0b0fc431c01d1fff770fb0028ced03500831c
d8d001235b429c460c9bb044e2440025002bcbd07b68002bcfdc39005846fff7
9bfa0028c9d04646002d01d0fff754fb0c9b002b00d1f1e6039cfff70ffb0123
5b429c46b044e2440025b3e709981f2800ddb6e0079c216889464d461eaa8100
8d50221d0792020001320992049310e54a46099bd21a99001eab9c4600230132
079892006144c458cc5004339342fad14a4601320992079a94469c4463467eaa
07934b4694469b006344813bff3b1b689946eee402210a43a57890460234fff7
28fb08210a43a57890460234fff721fb43465b0700d584e001234246134200d1
dde1069a002a00d1c6e2099a914500db7ae34b469a001eabd3581e60039cfff7
adfa4a4691001eaa895804930fe739005846fff721fa002800d1efe64646c846
0023424613704346069a9b1af618089b01330893039cfff791fa4a4691001eaa
8a5804930692b5e64b469a001eabd158ede64b469a001eabd3580693aae6049b
09995a1c8b4200db8ce04b4699001eabcb580492f0e5099b994500dbc4e04b46
9a001eabd35899460de6049a1300099901338a4200dbfce04a4691001eaa8a58
0493904620e6069b002b00d18de0099b994500db8be14b469a001eabd3581870
cbe5079a1168043289460792049360e4099b994500db2ee14b469a001eabd358
ffe4069b002b00d106e1099b994500dbcae14b469a001eabd3581e80039cfff7
2dfa4646a0468be7464611e704f03af82100844201d1fff75ffa3b681a780693
20230ca8c0187b6842545a1e069b01333b600b9b01347a604146009314aa2300
584604f085fb431c01d1fff745fa002800d0dde04346186003f0c0fe002800d1
fbe1002c00d1d3e55d4620220cab013c9b18195d3a002800fff728f9002cf4d1
ab46c5e5099d1f2d00dd9ee1079b1b681ea9ac00635007990431079129000131
0991049258e54b469a001eabd35853e5079a11680432069107920493fae5079a
116804320792049331e6049b09995a1c8b4200db45e14b4699001eabcb580492
18703ae5099c1f2c00dd82e1079d2a681ea9a000425029000431079121000131
0991914604934ee5099be21a99001eab9c4600234a44079892006144c458cc50
04339a42fad14b4601330993079b9c46944463467eaa07934b4694469b006344
813bff3b1b6899462de50123234200d1e3e0069a002a00d101e7099a9145a2db
099a9b1a91001eaa944600224b440b9d9b006144079ca4588c50043206949342
f8d14a4601320992079a94460b959c44d8e4099c1f2c00dd33e1079d2a681ea9
a00042502900043107912100013109919046049318e5099bea1a99001eab9c46
00234a44079892006144c458cc5004339342fad14a4601320992079a94469c44
63467eaa07934b4694469b006344813bff3b1b689846f7e4049b09995a1c8b42
00db19e14b4699001eabcb580492f4e6831c00d016e27b68002b00dde9e43900
5846fff799f8002800d1e2e4002c01d0fff752f9ece44a46099bd21a99001eab
9c4600230132079892006144c458cc5004339342fad14a4601320992079a9446
9c4463467eaa07934b4694469b006344813bff3b1b68fff7b4fb099c1f2c00dd
06e1079d2b681ea9a00043502900043107912100013109910492fff7a2fb4246
920700d43ae1069a002a00d146e1099a914500db06e24b469a001eabd358049a
f1171e6059600492039cfff7c7f84a46099bd21a99001eab9c46002361448446
01320b9d079c9200e058c85004339a42fad14b4601330993079b60469c469444
63467eaa07934b4694469b006344813bff3b1b680b9518701fe4a20700d4ece0
d24b0a9a9a4200d147e2059b002214a9584604f0c9ff0c900d91069b002b00d1
e2e1099b994500db92e14b469a001eabd358049a0c980d99049218605960fff7
fcfb099d1f2d00ddbfe0079b1b681ea9ac006350079904310791290001310991
04921870fff7e9fb4a46099bd21a99001eab9c4600230132079892006144c458
cc5004339342fad1079a94469c44634607934b46013309937eaa4b4694469b00
6344813bff3b1b6817e607990b68043107910492fff7c0fb049b09995a1c8b42
17da4b4699001eabcb5804921880fff7b4fb07990a680431079191460493fff7
d2fb07990a680431079190460493fff7ebfb099d1f2d00dd0ce1079b1b681ea9
ac00635007990431079129000131099104921880fff791fb099c1f2c00dda2e1
079d2b681ea9a00043502900043107912100013109910492cfe501235b429c46
0c9b3619e2440024002b00d0d3e6042294461c00e044cee6049b09995a1c8b42
00dbe2e04b4699001eabcb58049234e507990b68043107910492fff7a2fa4a46
099bd21a99001eab9c46002301320b9d92006144079ce458cc50043306949342
f8d14a4601320992079a94469c4463467eaa07934b4694469b006344813bff3b
1b680b951880fff738fb07990b680431079104921870fff730fb069a002a00d1
37e1099a914500db0fe14b469a001eabd358049a18600492fff71ffb069a002a
38d0099a914513da4b469a001eabd358049a1e600492039cfef790ff049b0999
5a1c8b4230da4b4699001eabcb58b7e6099a9b1a91001eaa944600224b449b00
6144079880588850043206909a42f8d1079b9c469444634607934b4601337eaa
09934b4694469b006344813bff3b1b68049acee7049b09995a1c8b4214da4b46
99001eabcb58c4e7099c1f2c00ddffe0079d2b681ea9a0004350290004310791
2100013109917be6099c1f2c00dd0ce1079d2b681ea9a0004350290004310791
210001310991a4e7099a9b1a91001eaa944600224b449b006144079880588850
043206909a42f8d1079b9c469444634607934b46013309937eaa4b4694469b00
6344813bff3b1b6867e416235a461360fef752ff07990b680431079104921880
fff78bfa4346186806e5099c1f2c65dc079d2b681ea9a0004350290004310791
210001310991049247e4c046b98100024a46099bd21a9c001eab9c4601329200
6444002394460b9d0c980d99079ad258e250043306926345f8d14a4601320992
079a94469c4463467eaa07934b4694469b006344813bff3b0b950c900d911b68
049a47e6099a9b1a91001eaa944600224b449b00614407988058885004320690
9a42f8d14b4601330993079b9c46944463467eaa07934b4694469b006344813b
ff3b1b68049adbe5049b099c5a1ca3425cda4b469c001eabe3581be607990b68
043107910492fff7e8fb099a9b1a91001eaa944600224b440b9d9b006144079c
a4588c50043206949a42f8d14b4601330993079b9c46944463467eaa07934b46
94469b006344813bff3b0b951b68049ad0e6049b09995a1c8b420ada4b461ea9
9b005b58c6e607990b6804310791049233e4099d1f2d2ddc079b1b681ea9ac00
6350079904310791290001310991b1e607990b680431079182e5059b002214a9
584604f059ff0c900d91b6e5099d1f2d15dcac00a4466146079803681eac0b51
011d0791691c0991b4e507990b68043107919ee607990b68043107918ae6079c
211d23680791a5e52847c046f0b50c002300c646096b403300b5994217d0666b
77003a0004f016fa051e2ad08319984601003200180004f063f9434600202360
2563676304bc9046f0bc02bc08478025ed00290003f0ccfc002812d042232063
6563e25c084bc2544123e25c074bc2544023e25c064b9c46c254604420600020
e0e701204042dde7ff030000fe030000fd030000f0b55746de464e464546e0b5
91b098461c9b9a461a9b1b689b461d9b1f6881460891002f01d100f06afd0021
08220ea8fef7f0fa089b0593db17397809935b465c46099a0898db0fa0425341
1b0601d100f0a2fd002901d100f09efdda4ee4254c4611e05b59994603f0c2fb
0eaa030000920da93a00200000f0e6fd00280add0d9b3f18252b0fd005f0a8fa
436b002be8d13300e6e73b78002b00d06be2059b9b4500dc69e290e200220123
a1460692079200245a465b4200269b46397803920494c24ca446f200c14b9219
c14e5b5cb6186244f65cd35c7d1c0800082b00d9a9e0bd4a9b00d3589f460494
53461b68013300d19ee200225146049b013b180004939b005a50059b834200da
05902f0029780b2ed5d1039b9b4690e7049453461b68013300d18be2049b013b
9b46059b5b45ecda5b460593e9e7049429780b00303b1b061b0e092b09d8049c
013529780b00303b1b061b0e092bf7d904942f00d7e7049443461a68039b4046
591c0391111d016012681b99db00ca503978c8e7049443462f001a68039beee7
0a9b62469b4604920b9f03944c390906090e2e2900d96ee18d4b89005b589f46
0a980122524293463d000393894b04932978303804000029cad00a00303a092a
c6d8030005e00200303a3d00092a00d9c9e19c00e41868786400a3186f1c011e
f1d11c000b2e90d0764bf200764992191b788918ce5c72498c466244d35c0235
082b11d8049a9b00d3589f461f23039a41391a4009060392090e372900d965e1
6d4b89005b589f46049479782f006ae72023079a1a43079263e70823f9e70123
06935b46013300d11de15b46524606999b00995055e70a9b9b4663460493079b
db06ecd42023079a1a40069200d148e11e3b06935b460133e7d143461a68049b
9c46039c072107328a431b9f11004046bb4608320260631c08684968e4005c44
206061600b2e00d1d5e12978f4004548a419454e405c36190390365c02200690
033804903e48834603985c44205c6f1c0a91082800d9c4e3404c800020588746
062306935b460133afd1049c43461a68039f41463b00101d08600a9011681b98
fa00013381500b2e00d1a4e129782d4a525c1000f20092199446039206220692
073a294e9346264a66449446039a6244125c6f1c0491365c082a00d9bbe32848
920082589746042306935b46013300d07be7049b9c4643461a68072107328a43
1b9f039c11004046bb46230008320260e400086849685c440133206061600b2e
00d168e129780f48445cf0008019834603900420069005380b4e0a9008485e44
834603985844005d6f1c0491365d082800d96be30b4c80002058874660090003
e0fd00024cfe00024cff0002a0bd0002c4bd000280be0002a4be000284bf0002
a8bf0002ccbf000201235b423d009b4604941023079a1a40069200d181e00a3b
06935b46013300d01fe76ee7032306935b46013300d018e7049c43461a684146
039f3b00101d08600a9011681b98fa00013381500b2e00d10de12978e14a525c
1000f20092199446039203220692043add4e9346dd4a66449446039a6244125c
6f1c0491365c082a00d92ee3d84892008258974604947b786c2b00d1e0e01023
d7e663460493049c43461a68039f41463b00101d08600a9011681b98fa000133
81500b2e00d1d6e02978c64a525c1000f20092199446039201220692023ac24e
9346c24a66449446039a6244125c6f1c0491365c082a00d9cee2be4892008258
97461f23039a1a40049403925b46013300d0aae6069b062b07d8b74a9b00d358
9f465b46013300d09fe64346049c1968039a404613000f1d076009681b98d200
01330a9781500b2e00d194e02978a54a525c1000f20092199446039200220692
013aa14e9346a14a66449446039a6244125c6f1c0491365c082a00d9a1e29f48
9200825897460493cde5089b059307245b461b9859465a468446a3469b005344
c900c2469648b846059f013261441c68062c02d8a4000459a74655462d68ac46
0425564665443560654614002d680d60043301320831bc42e9dda34647465a46
1a9b1a601d9b1f60089bd8001b9b9c46604411b03cbc90469946a246ab46f0bc
02bc084755465e462d680735b543ac46082556466544356065466e682d681400
0d604e60d4e755465e462d680735b543ac46082556466544356065466e682d68
14000d604e60c3e7802200215046fdf7ebff5ae5802200215046fdf7e5ff6de5
079a4c3b1a43b978079202375be504983d000393aae529789b462f00e9e40393
012362465b429b46033304923d00069336e562460393022304923d00069348e5
61462f000491012149428b460331069165e561460491f6e71f241c4001235b42
04930b00413b1b061b0e372b00d96ae24c499b00cb589f4603933b002f001d00
012362465b429b460333049206935de50393012362465b429b46033304923d00
069325e5039301235b429b46023304943d000693f4e40393012304943d000693
07e52f0004940a9a012149428b460231069124e504940a9af6e71f221a400b00
413b1b0603921b0e372b00d928e22e4a9b00d3589f4603933b002f001d000123
5b429b460233049406931fe5039301235b429b46023304943d000693e8e44346
1a685b460a93049b10009c460b95073003000722934318001b9f4246bb460399
083010604c1c1a685b68c90059440a604b600b2e00d1afe10c4fbb460b9bf200
1978084b9219084e5b5cb6185a44f65cd35c01350391082b00d990e10b4a9b00
d3589f464cfe00024cff0002e0fd0002f0bf000214c0000238c0000254c00002
78c0000294c0000274c1000254c2000262460a9b04929b46039471e462460394
049286e462460a9b04929b46020023002f00a4e462460a9b04929b46039487e4
0a9b03989b460394c0e40393012362465b429b46053304923d00069350e40393
01235b429b46002304943d00069347e40393002304943d0006935ae403930123
5b429b46002304943d00069360e404940a9a012149428b46002106916fe40393
3b002f001d0001235b429b460023049406937be462460393042304923d000693
37e461460491012149428b460531069155e403933b002f001d00012362465b42
9b4605330492069360e40393012362465b429b46053304923d00069328e40498
5fe4039301235b429b46043304943d000693fff7f5fb0393032304943d000693
fff707fc04940a9a012149428b460431069124e403933b002f001d0001235b42
9b4604330494069330e4039301235b429b46043304943d000693fff7f9fb0393
01235b429b46073304943d000693fff7c7fb0393062304943d000693fff7d9fb
04940a9a012149428b4607310691fff7f6fb03933b002f001d0001235b429b46
073304940693fff701fc039301235b429b46073304943d000693fff7c9fb1f22
1a400b00413b1b0603921b0e372b00d936e19d4a9b00d3589f4604940a9a2f00
d0e762460a9b04929b460b9f23000200fff7c5fb1f23234003930b00413b1b06
1b0e372b00d913e1904a9b00d3589f461f2018400b00413b1b0603901b0e372b
00d9f3e08a499b00cb589f4604940a9a2f0079e71f221a400b00413b1b060392
1b0e372b00d9c2e0824a9b00d3589f4604940a9a2f001ce71f221a4001235b42
9b460b00413b1b0603921b0e372b00d9a8e0794a9b00d3589f4661462f000491
21e70393012362465b429b460333049269780693fff747fb039301235b429b46
0233049469780693fff73dfb0393012362465b429b460533049269780693fff7
32fb039301235b429b460023049469780693fff728fb039301235b429b460733
049469780693fff71efb039301235b429b460433049469780693fff714fb6246
0b9f0a9b79789b46049203942f00fff70afb1700fff793fa0b9f2978a346fff7
98fa3d000494079bdb0600d4fde4fff7ecfb01235b4204943d009b46fff79ffb
04943d0078e43d00aee404943d00fff7dcfb04943d00fff70cfc634603940493
3d00e0e7049b9b466346039404933d00fff785fb6346039404933d005ce46346
039404933d008ee46346039404933d00fff7bbfb6346039404933d00fff7e9fb
0a9a3d0082e43d00fff77cfb002901d1fff77ffa089b0593fff77bfa04943d00
fff75dfb0a993d00b2e43d0035e40a9a3d0034e463463d000493a4e763460493
01235b423d009b46fff749fb63463d00049321e463463d00049354e463463d00
0493fff782fb3d00fff7b5fb3d00fff7b4fb6346049386e763460493fff70cfc
63460493fff771fb63460493fff7a1fb0b95ace504943d0035e43d00fff766fb
0a9a3d00fff764fb78c2000258c3000238c4000218c50002f8c500024847c046
10b5140002f0b6fa0023a360636010bc02bc0847f0b5de4657464e4645468246
e0b5d04ca5448b461400002108221ea81793fdf7c9fc5346002b03d09b6b002b
00d1c9e05b461b6fdb0700d58ee05b469b899a0500d486e01a0700d48be05a46
1269002a00d186e01a221a400a2a00d18ee025ab984622930023012224932393
1b931a93139312931593149308930a935b464746a34652424e92079304f078fc
436b5c46e426b9465546002b16d09f5902f078fd1eaa030000921ca922002800
01f0acfe00280bd045db1c9b252b07d0241804f05dfc436b002be8d1a24be6e7
5b46aa464f460500e61a15d03b60249bf218239b059301337e6024922393072b
5ddd002a01d000f0a0fd089b9c46b4446346474623920893002d01d101f085f9
631c9b46002312aad3760a9b994601235b420993002366780e93059300253300
5e4601361a00203a5a2a00d92fe3874992008a589746082200211ea8fdf734fc
01202418b5e7584604f066fb5b469b891a0700d573e75946504601f0e5fe5b46
00282dd11a229b891a400a2a00d070e75a460e21525e002a00da6ae75a46126f
d20704d49b0502d4584604f04dfb179b22005946504601f033fe08901ce00837
089b9c46b44463460893a5e72023059a1a4305923378b4e7504602f053f831e7
1b6fdb0705d45b469b899b0501d400f0a7fd01235b4208930898af239b009d44
3cbc90469946a246ab46f0bc02bc0847059b0693069bb3469b0600d492e2002d
01d100f00ffe1a9b994501db00f078ff4b46da006eab9c466244136850680c93
0d900c9b0d9c002c01db01f025f800225942a2412d230c910d92099912aad376
0a002c3b013200d0fde1012b01d100f0d2ff022b01d000f0e2ff0f20bc464eab
99461d00139e0c9a0d9b01001140715c1f071409013d2743297019090b003900
3a001943f1d167460c920d934b465b1b0b93069b0593f8e1b3461e002c4b1393
059b9b0638d5002d01d100f06ffd1a9b994501db00f036ff4b466eaa9446db00
63445c681b680c930d940c9a0d9b110019430ad00121059a114206d0302312a9
0b7702231a434e7705921a4b059a1a40069202239fe112abdb7e002b00d059e7
202312aad37633780be7b3461e00124b1393059b9b06c6d4059bdb0601d400f0
69fd002d01d100f02dfe1a9b994501db01f029fa4b46da006eabd3580c930023
0d93c2e744fdffff60090003d8c6000258c80002fffbffff44c80002059a1300
b3469b0600d4f3e0002d01d100f02efd1a9b994501db00f00bff4b466ea98c46
db0063445c681b6806920c930d94012351e10122059b134305933378c1e65046
02f0e2fb436818001493fdf7dbfc83461590504602f0d8fb5a4683681293002a
00d1f7e6002b00d1f4e6129b1b78002b00d1efe68023059adb001a4305923378
9fe633781a00303a092a01d900f0a0fc711c8b46002158469c46a3460b0000e0
20009900c9184900531801780a00303a441c092af4d906945c46834608001900
6346242801d100f091fe002579e62b2312aad376337874e63378042205991143
05916ee63378721c2a2b01d101f0e2fb19000020303909901600092900d961e6
002083001b185b00581813781900561c303932000929f4d9099053e68023059a
1a43059233784ce61023059a1a430592059bb3469b0600d495e0002d01d100f0
defc1a9b994501db00f016fe4b466eaa9446db0063445c681b680c930d94cc4b
059a1a4006920023b5e0b3461e00002d01d100f045fc1a9b994501db00f06ffe
4b46da006eabd558002312aad376002d01d101f021f8532e01d100f015ff059b
db0601d500f010ff099b5a1c01d101f0e6f81a000021280003f030f80f900028
01d101f09ffa431b1a000b93db43db171a400023069209930f93aee01023059a
1a430592059a1300b3469b0600d50be7059bdb0600d5cee3059b5b0601d500f0
62fd059b9b0500d4c5e3002d01d101f0b7f91a9b994501db01f0d9fb4b466eaa
db00d35cc5e3059bb3469b0601d400f085fc002d01d000f01bfd0a9b1a9a591c
934201db01f02bf84b46da006eabd3580a91089a1a60d2175a605fe5059bb346
9b0600d569e7059bdb0600d57fe3059b5b0601d500f01afd059b9b0500d476e3
002d01d101f06ff91a9b994501db01f0eafa4b466eaadb00d35c77e3b346002d
01d100f064fc1a9b994501db00f0affd4b46da006eabd3580c930023059a0d93
02331a4306922e3312aa137748335377704b13930223002212a9ca7609990a00
013200d101e680220c9c0d9d06989043220005902a4301d000f0c7fd002901d0
00f0c3fd002b01d000f0bafd0122069b13400b934ead002b07d06323302135aa
d15412abef259c466544099b0b9906938b4200da069100230f9312abdb7e5a1e
9341069a94469c44634606937fe03378682b01d100f0bffe4022059911430591
2fe533786c2b01d100f0adfe102205991143059125e5b346432b00d10ae1059b
db0600d506e1002d01d100f0a7fe1a9b994501db01f001f94b466eaadb00d35c
35ad2b70012306930b93002312aad3764ae01023059a1a430692069bb3469b06
00d56ce5069bdb0600d5bce2069b5b0601d500f034fc069b9b0500d4b3e2002d
01d101f009f91a9b994501db01f0d4fa4b466eaadb00d356b4e20022303b1900
3000130000e030009a00d21852008b1802781100303901360929f4d919001300
0a00242b01d101f0aefa0e92cae4b346002b01d100f039fe35ad2b70002312aa
d376013306930b9300230f9309930223059a1a40109202d0069b023306938423
059a1a40119200d0c8e00e9b069a9c1a002c00dcc2e0249b102c01dc00f04afe
1022914642462398a846034e15000be0fffbffff58c8000274c80002811c1000
0837103c102c11dd4a4610337a60421c3e6024932392072af0dd002b00d090e0
103c002001212f00102ceddc2a0045469046e3183e607c6024932391072900dd
8ce112aad27e0837481c002a00d08de0109a002a00d1a0e019aa3a6002220233
7a6024932390072800dc9ee1002b00d0f9e1119a012000214746802a00d090e0
0e9a069c161b002e00dc8ae0102e01dc00f045ff102291464246cc4ca8461500
05e0881c11000837103e102e11dd4a4610337a604a1c3c6024932392072af0dd
002b00d03ee1103e012000212f00102eeddc2a0084464546904662469b193c60
7e6024932392072a00ddc8e10837501c614656e020ae082200213000fdf754f8
002d00d016e30a9a1a9b511c9a4201db00f003fe4b46da006eabd2580a9135ad
33002900504601f0b1fa03000b90013301d101f0cdf90b9ad343db171a400692
e3e622aa07995046fff74afb002800d047e12398249b411c2f0052e72399249b
481c12aad27e002a00d171e712a91b228c4662443a60012201337a6024932390
072800dc00e1002b00d060e1109a002a00d001e1002101204746119a802a00d1
6ee7099a0b9c161b002e2bdd874c102e1fdd102291464246a846150005e0881c
11000837103e102e10dd4a4610337a604a1c3c6024932392072af0dd002b68d1
103e012000212f00102eeedc2a00454690469b193c607e6024932390072872dc
083701300b9ad4183d607a6024942390072875dd002c00d0fde0059b23945b07
35d50e9b069a9d1a4346002d00dcc0e0102d01dc00f033fe4246654e2399b046
1027160005e0881c11000833103d102d10dd5f4a10341a604a1c5f6024942392
072af0dd002c31d1103d012000213300102deedc32004646904664191e605d60
24942390072845dd002c00d070e20e9b06998b4200da91e0089a94469c446346
0893002323930f9b002b44d14746fff7e5fa22aa07995046fff792fa002800d0
8fe02399249b481c2f007be722aa07995046fff785fa002800d082e02399249c
481c3300b2e7002b00d0cfe043460b9c1d605c600123239325ab98461f002494
3b000833059a520704d50e9a0699551a002d8ddc0e9b06998b4200da0b00089a
94469c4463460893002c53d1002323930f9b002bbad01900504601f02bfc4746
fff79cfa22aa07995046fff749fa002847d12399249b481c2f00a5e6002b01d0
00f03cfc12aad27e002a11d012a91b238c46424663441360434601225a6025aa
01230120904617000100083701305fe6109a002a00d1e7e1424619ab13600223
536025aa012090461700010008370130f3e60e9b1100934200db6de7089a0b00
94469c44634608936be7c04684c8000274c8000222aa07995046fff701fa0028
a4d0079b9b460f9b002b03d00f99504601f0d0fb5b460c229b5e5a46126f1b04
1b0cd20701d49a051bd55b0601d4fff7e3fafff7defa22aa07995046fff7e0f9
0028ded1249c43466ce722aa07995046fff7d6f9002801d000f0d6ff4746fff7
affa584603f0f0fd5b469b89dde722aa07995046fff7c4f90028c2d12399249b
481c4746f4e522aa07995046fff7b8f90028b6d12399249b481c47468de6002b
00d0e8e30120002147468ae622aa07995046fff7a5f90028a3d1239a249b0992
501c4746aee6002d00d039e10a9b1a9a591c934201db00f012fc4b46da006eab
d3580a910c93db170d93fff7aafa002d00d01be10a9b1a9a591c934201db00f0
0dfc4b46da006eabd3580a910c9300230d93fff7e4fb002d00d0fde00a9b1a9a
591c934200dbc1e34b46da006eabd3580a910c9300230d93059b069301238ae4
584603f081fd01235b420893fff754fa0a980200013293461a9a904200dbbae1
4a466ea8d20012580e925a460a920e9a002a01dbfff7e5f952420e92fff76dfb
0a991a9b4a1c994200da93e11f2b01dd00f00ffc591c1a911799081d17900d68
db006ea95d500a92fff7aefb0a991a9b4a1c994200da26e11f2b01dd00f000fc
0720591c1a9117990731814308006eaca44608301790db000868496863440c90
0d91186059600a92fff77ffa0a991a9b4a1c994200db41e14b466ea98c46db00
63445c681b680c930d94059b0a920693012320e4059b5b0600d521e1059b9b05
01d400f02efc002d01d100f098fd1a9b994501db00f09cff4b466eaadb00d35c
fff78cfa0a9b1a9a591c934200da38e11f2a00ddc2e3531c1a93179bd81d0723
984303006eaca44608331793d200036840686244136050600a91fff7e0f90a99
1a9b4a1c994200daa6e01f2b00ddb8e30720591c1a9117990731814308006eac
a44608301790db000868496863440c900d91186059600a92fff711fb059bdb06
52d4059b5b0600d4b8e3002d01d100f082fd1a9b994501db00f0e4fe4b46da00
6eabd3586a46128c1a80fff7d7f80a9b1a9a591c934200da91e01f2a00dd79e3
531c1a93179b181d17901b68d2006ea813500a91fff790fb1a9b994501db00f0
12fc4b46da006eabd35802e71a9b994501db00f020fc4b46da006eabd358e5e6
1a9b994501db00f04ffc4b46da006eabd358c7e61a9b994501db00f075fc4b46
da006eabd258eae4002d00d1ace21a9b994501db00f043fd4b46da006eabd358
089a1a60fff78af800210120474618e522aa07995046fff733f8002800d030e6
249cc7e50a9b1a9a591c934200db97e24b46da006eabd3580a91fff7cff9002d
00d1e9e21a9b994501db00f041fd4b466eaadb00d35e85e64b466ea98c46db00
63445c681b680a920c930d94fff777fa1a9b994501db00f0ccfc4b46da006eab
d358fff7e6fa4b466ea98c46db0063445c681b680a920c930d94fff766f94b46
da006eabd3580a91fff706fb002d00d138e31a9b994501db00f0a7fd4b466eaa
db00d35a62e6002d00d10de31a9b994501db00f048fd4b466eaadb00d35a68e6
002d00d18be21a9b994501db00f0dffc4b466eaadb00d35afff770f91f2b00dd
75e20720591c1a9117990731814308006eaca44608301790db00086849686344
18605960059b0c900d9106930a920123fff7d1fa4b46d9006eabcd580a92fff7
23fa4b46da006eab9c466244136850680a91fff7b4f81f2a00dd7ce3501c1a90
1798011d006817910100d2000e906ea811505a460a923ae61bab03934eab0293
6eab01931aab0093220017ab49465046fef750f9036844680c930d94fff7dff9
1bab03934eab02936eab01931aab0093220017ab49465046fef73cf903684068
fff77df81bab03934eab02936eab01931aab0093220017ab49465046fef72af9
036844680c930d94fff7bff8202901dd00f04afd1a9b0139994200dbc7e2c900
6eabcb580e935b46069e5b78efe51bab03934eab02936eab01931aab00932200
17ab49465046fef705f90368fff744fa1bab03934eab02936eab01931aab0093
220017ab49465046fef7f4f8036844680c930d94059b06930123fff73cfa1bab
03934eab02936eab01931aab0093220017ab49465046fef7ddf80568fff784f9
00234ead0b93fff750fa059a0692012b01d0fff72ef80c9b0d9c002c3fd1092b
3dd86322303335a98b54069b059301230b9312abef259c466544fff736fa4eab
99465b4607260593cc460c980d99bb4600e0944663464f075a1ec5083300cc08
2f4321003c0003403033137038000c43efd10c900d9105995f4665468b46302b
00d1cae0012306990b4200d1c5e03023023d2b70fff70af80123fff7dff98023
069adb001a404eab002699465b46b3464e4605920b930c9c0d9d0f970a220023
2000290003f08efc01239c46059b771e30323a70e3443e00002b10d0129b1a78
1300ff3b591e8b410121002d02d1092c00d800210b4201d05a4513d03e000023
200029000a2203f06dfc030004000d000b43d3d10b9b0c940d959b4635000f9f
fef7c4ff159bfe1a1a001499300002f023fc002212994b7893468c465a1e9341
9c4463461293dae720ae0822002130001d95fcf739fb099b5a1c00d18ce25946
0022bb46b14657460024aa46069115001e000ee04b4635a9380000f097fd431c
00d1b3e12818864207db04340500864203d01d9b1a59002aecd1069b0b954e46
5546ba465f469b460b9b002b78d0632b00dcc0e1591c504601f0aafc051e00d1
94e10f90082200213000fcf7fdfa0b9c009623001daa2900504600f0a7fd8442
01d000f0fefc00230b9aab54d343db171a40002306920993fff75ff922aa0799
5046fef7fdfd002801d0fff7fafb2399249b481c4746fff7b4fa4b469b1a0b93
069b15000593fff740f9079b9b46249b0593002b00d0f7e1002323935b460c22
9b5efff7eafb4c3b059a1a43059273780136fef776fe9933ff33f5e70a9b1a9a
591c934200db30e14b466eaadb00d35c0a91fff755f922aa07995046fef7c0fd
002801d0fff7bdfb2399249b481c4746fff797fa239ae94e1692511cfff7d9f9
0023069309930f93fff707f91f2a00dddbe1531c1a93179b181d17901b68d200
6ea813500a9134e40a9b1a9a591c934200db9ae14b46da006eabd3580a914fe5
1f2a00dd40e1531c1a93179b181d17901b68d2006ea813500a91fef72fff1f2a
00dd49e1531c1a93179b181d17901b68d2006ea813500a91fff7e4fb1f2a00dd
52e1531c1a93179b181d17901b68d2006ea813500a91fff7e9fb1f2b00ddcbe1
5a1c1a92179a101d12681790db006ea81a500a91fff7f3f9099b0b93062b01d9
06230b930b9bb64d0693fff72df90721179b07338b4319000831179141e40a9b
1a9a591c934200db95e14b466eaadb00d35a0a91fef7e2fe0a9b1a9a591c9342
00db77e14b466eaadb00d35e0a91fff799fb179b191d17910a921d68fef7a4ff
0721179b07338b431900083117915c681b680a920c930d94fef787fe179bda1d
07239a43130008331793136850680a91fef725fe179b1a1d17920a911b68fff7
1bf80721179b07338b431900083117915c681b680a920c930d94fef760ff1f2a
00dde5e1531c1a93179b181d17901b68d2006ea813500a91fef7cbff059b9b05
00d491e4002d00d142e21a9b994500dbe0e24b46da006eabd3586a4620215218
12781a70fef71afd0a9b1a9a591c934200db9fe14b466eaadb00d35a0a91fff7
58fb002d01d0fef760fe0a9b1a9a591c934200db24e74b466eaadb009b580a91
fef75cfe0a9b1a9a591c934200db45e14b466eaadb00d35a0a91fff727fb239a
5e4e0592501cfff7e8f91f2a00dda7e1531c1a93179b181d1b681790d2006ea8
13501b061b0e0a91fff71af8079b40229b469b8913435a469381fff78bfa2800
fcf740fb02000b900300fef71fff1bab03934eab02936eab01931aab00932200
17ab5046fdf746fe03680e935b46069e5b78fff71cfb002335ad0f9342e68446
404cfff7daf81bab03934eab02936eab01931aab0093220017ab49465046fdf7
29fe0368fff7e5fa179b1a1d17921b680a91fef7f3fd1bab03934eab02936eab
01931aab0093220017ab49465046fdf711fe0368fff7bafa179b1a1d17921b68
0a91fff79ffa1bab03934eab02936eab01931aab0093220017ab49465046fdf7
f9fd0368fef7cafd179b1a1d17921b680a91fff79bfa179a101d12680e925a46
17900a92fff7c3fa1bab03934eab02936eab01931aab0093220017ab49465046
fdf7d8fd0368fff76dfa1f2a00dd40e1531c1a93179b181d17901b68d2006ea8
13500a91fff7acfb22aa59465046fef7e7fb002800d1ffe5fff7ecf974c80002
6cc8000284c800021bab03934eab02936eab01931aab0093220017ab49465046
fdf7a8fd0268fff76af8179b1a1d17921b680a91fff75dfa002300961daa0021
504600f053fb03000b90013300d12de71d9589e51f2a00ddece0531c1a93179b
181d1b681790d2006ea813501b041b140a91fff717fa1f2a00dd5fe1531c1a93
179b181d1b681790d2006ea813501b041b0c0a91fef742fd179b1a1d17920a91
1a68fff72cf80a9b1a9a591c934200db0ae14b466eaadb00d35c0a91fff706fa
0a9b1a9a591c934200dbc9e04b466eaadb00d35c0a91fff70cfa1bab03934eab
02936eab01931aab0093220017ab49465046fdf73ffd0378fef7f2fe1f2a00dd
bfe0531c1a93179b181d1b681790d2006ea813501b041b0c0a91fff7d7f90a9b
1a9a591c934200dbf0e04b466eaadb00d35c0a91fef7f2fc0a9b1a9a591c9342
00dbd2e04b466eaadb00d3560a91fff7a9f91bab03934eab02936eab01931aab
0093220017ab49465046fdf703fd0368fef70ffe1f2a00ddd9e0531c1a93179b
181d1b681790d2006ea813501b041b0c0a91fff7aef90a9b1a9a591c934200db
e4e04b46da006eabd3580a91fff77afa179b1a1d17920a911b68fef7eafd1bab
03934eab02936eab01931aab0093220017ab49465046fdf7cdfc0368fff7b0fa
179b1a1d17921b780a91fef779fe1bab03934eab02936eab01931aab00932200
17ab49465046fdf7b5fc0388fef786fc1bab03934eab02936eab01931aab0093
220017ab49465046fdf7a4fc0022835efff738f9179b1a1d17920a9100229b5e
fff730f9099b06930b9300230993fef714fe179b1a1d17921b680a91fff770fa
1f2a00ddf7e0531c1a93179b181d1b681790d2006ea813501b061b0e0a91fff7
38f9179b1a1d17921b880a91fff71ef90a9b1a9a591c934277da4b46da006eab
d3580a91b9e51bab03934eab02936eab01931aab0093220017ab49465046fdf7
59fc0388fff715f91f2a00dddbe0531c1a93179b181d1b681790d2006ea81350
1b061b0e0a91fff7f1f81f2a00dd05e1531c1a93179b181d1b681790d2006ea8
13501b061b160a91fff7ccf81f2a00ddc0e0531c1a93179b181d1b681790d200
6ea813501b061b0e0a91fef7f7fb179b1a1d17921b880a91fff7dbf8179b1a1d
17921b880a91fef7e9fb1bab03934eab02936eab01931aab0093220017ab4946
5046fdf707fc0388fff7b0f81f2a00dd97e0531c1a93179b181d17901b68d200
6ea813500a91fff78df91f2a00dde0e0531c1a93179b181d17901b68d2006ea8
13500a9139e51bab03934eab02936eab01931aab0093220017ab49465046fdf7
d9fb0378fff782f8079b9b460c229b5efff703f81bab03934eab02936eab0193
1aab0093220017ab49465046fdf7c2fb036812e5737818003038092817d8b11c
8b46002100e0b3468e007118490041185846461c0078844630380928f3d96046
242800d1ade016000025fef76afa0a99481c83461a98814200db94e049466ea8
c90009580991002900da88e0594616000a91fef756fa179b1a1d17921b780a91
fff747f81bab03934eab02936eab01931aab0093220017ab49465046fdf77afb
0368fff70ff9179b1a1d17921b780a91fff71cf8179b1a1d17921b780a91fef7
3dfb179b1a1d17920a911b68fff7faf8079b40229b469b8913435a461b041b14
9381fef78aff202900dd7de74b1e994601254378fef715fa1bab03934eab0293
6eab01931aab0093220017ab49465046fdf740fb0023c356fef7d4ff179b1a1d
1b781b0617921b160a91fef7cbff1bab03934eab02936eab01931aab00932200
17ab49465046fdf725fb0378fef7e1ff1bab03934eab02936eab01931aab0093
220017ab49465046fdf714fb0378fef7e5fa179b1a1d17920a911b685de40121
4942099172e71f2824dc411cc00084461a9117990e1d1796664609686ea83150
60e7202900dd1fe71a9b0139994216dac9006eabc9585b460a985b7832008346
50e7079b40229b469b8913435a469381fef709ff1799081d1790096842e71bab
03934eab02936eab01931aab0093220017ab5046fdf7cefa0168dce73847c046
f0b5150002221f4c1f008b89a54493436a4693810b6f1c93cb89d381cb690793
4b6a09931eab009304938023db00060002930593002317a80c00069302f018fd
2a003b0069463000fef7d4f8051e05db6946300000f0a6f9002810d16b469b89
5b0603d54022a3891343a38117a802f029fd2800044b9d44f0bc02bc08470125
6d42ebe784fbffff7c040000f0b5c64600b5060084b00d0017001c1e29d0002d
19d002f065fd436b002b26d0e0229b58290098463a002300300000f026f8431c
03d1002323608a33336004b004bc9046f0bc02bc084702f04bfd436b002b0ed0
e02201a99d5830002300002200f00cf8e5e704001534ff34d1e7024bd6e7014b
eee7c046600900032847404710b582b000930123049c5b42019402f095fa02b0
10bc02bc0847c04670b505000c0002f01ffd002802d0836b002b40d00c23e25e
13041b0c19070fd52169002918d0da0724d50023a36063695b42a36100200029
24d070bc02bc0847d90640d55b0729d4216908231a43a2811204130c0029e6d1
a0228020920080001a408242dfd02100280000f04dfea3892169d8e700229b07
00d46269a26000200029dad10c22a35e1a06d6d540221343a3810138d1e700f0
51f9bbe7216b00290ad023004033994204d0280000f0def90c23e25e00232363
24239a430023216963602160c1e709232b60402301201a43a2814042b1e7c046
f0b5c64600b50c000c23c95e0a04120c84b08046130758d4802362681b010b43
a381002a00dc8de0a66a002e46d042464146176800221b040a60190ccb0400d4
85e0226d636d029203934b0712d56068029a039bc117121a8b4102920393236b
002b07d0e06b029a039bc117121a8b41029203930021029a039b00914046e169
00f08ff8431c42d0a389434a134000221b04626022691b14a3812260db044ed4
4346216b1f60002908d023004033994202d0404600f06ef900232363002004b0
04bc9046f0bc02bc08472769002ff5d023682760de1b0023920700d16369a360
002e04dceae73f18361a002ee6dd33003a00e1694046656a00f052f80028f2dc
40220120a3891343a3814042d7e74b1cbad143461e681d2ef2d8204b0122f340
9a43edd1a3891c4d2b401b04626022691b14a3812260db04b2d5002eb0d12065
6165ade7e26b002a00dd6de7b6e7012300220093e1690023404600f022f80300
02900391013302d0a189a66a6de7039b0133f9d1434619680029f5d01d2901d0
162903d1434600201f6098e74021a2890a43a281039892e7fff7ffff01004020
2847304770b505000c00002802d0836b002b18d00c22a35e0026002b0fd0226f
d20701d49b0515d521002800fff718ff236f0600db0702d4a3899b0506d53000
70bc02bc084700f03df8e3e7200002f01bfbf4e7200002f00ffbe5e710b50349
00f042fb10bc01bc0047c04605840002002310b5040003604360836081810367
c281036143618361082200216830fbf7bbfb2000074b2362074b6362074ba362
074be461e3625c3002f012fb10bc01bc0047c046f51a00022d1b0002751b0002
b51b000270b50400154d280002f00efba36b002b1dd1134ae263b8229200a350
b92303229b00e2500c33e218083be250042100226068fff7bbff01220921a068
fff7b6ff02221221e068fff7b1ff0123a363280002f0f8fa70bc01bc0047c046
ec040003bd60000210b5034802f0defa10bc01bc0047c046e004000310b50348
02f0e2fa10bc01bc0047c046e0040003f8b50c00060001f019fa214fbb685d68
03239d431f4b9c462c1b6444240b1e4b013c24039c4207dd0021300002f02afa
bb685b19984206d0300001f009fa0020f8bc02bc08476142300002f01bfa431c
0dd00122bb682d1b15435d600f4b1a683000141b1c6001f0f3f90120e8e70021
300002f007faba68831a0f2bdcdd08490968401a0549086001210b435360d3e7
cc0a0003ef0f0000ff0f0000f8020003d40e0003f8b504000d1e3cd001f0c6f9
2900083948680123050003269d434a199c46624f5368b343be68b24258d06646
536006420ad13e000868091a2d1888680836b04267d0ce68c660b0600120d618
7668064235d0564b284348604d519d4214d8ed08ff3baa10ff3b93407a68ed00
13437b60ef19bb68cf608b60b960d960200001f095f9f8bc01bc0047680a0428
50d8a809020039303832c000381808388368032698424cd05a68b243954230d2
9b689842f8d1c368cb6088609960c160dee7ed183b4e9368b34242d0d268da60
9360374b284348604d519d42d6d8c0e76246eb18024206d10a68891a88689b18
ca68c260906001221a434a602e4a1268b9609342bcd32d4b20001968fff728ff
b6e71800cfe76646d018406830423fd108325d1909cac360986063462b434b60
4d51a5e7142814d802005c305b32c000ace70123921093407a6813437b600300
b2e72843d9609960cb608b6048604d518ee7542805d8280b02006f306e32c000
94e7aa225200904205d8e80b020078307732c0008ae70e4a904205d8a80c0200
7d307c32c00081e7fe207e2280007de763462b434b6015606ae7c046cc0a0003
ff010000d40a0003d80e00032803000354050000f0b54e46de4657464546e0b5
936883b000900c001600002b29d00c228b5e1b041a0c11072dd5216900292ad0
31688b46910735d5bb4b002700259846b146002d00d17ee02b00454500d9b64b
3a00e1690098666a00f06cf9002800dc7ee04b469b683f182d1a181a4b469860
e7d1002003b03cbc90469946a246ab46f0bc02bc084721000098fff7a5fc0028
00d03fe10c22a35e31681b041a0c8b469107c9d4d20763d50023994600204d46
9a461f00b1462ee0002838d0b846af4200d9a846a268944663699c4462462068
019222694646824206d20122e04500dc0022120600d0efe0984500da96e0666a
5246e169009800f01df9061e30ddbf1b0120002f26d04b469b68b244ad1b9e1b
4b469e60add0002dced15b461b689a465b465d6808239c46e344002df5d02a00
0a21504600f07aff002800d1e8e053460130c71abae75b461f685d6808239c46
e34476e721000098fff77cfd0028d2d00c22a35e402201201343a381404281e7
00229146b0464d46002d26d080221b0c9200a668134229d0b246b54252d39022
d200134253d12f0020685246494600f0cbffa3689e1b23685344a66023604346
9b68b944ed1bdf1b43469f6000d158e70c22a35e1b04002dd8d15a4612689146
5a46556808229446e344cde720682369984202d86769bd4259d2ae4200d92e00
3200494600f0a0ffa36822689b1b9219a3602260002b01d03700d0e721000098
fff720fd0028a3d13700c8e74246514600f08aff4246a3689b1aa36023684344
236064e72e0020682f00aa46ade721692268521a924662695700bf18fa0fd719
5246501c7f1040193a00b84201d9070002005b0542d51100009800f099fa061e
53d05246216900f01bffa3892b4a134080221343a3813000534650446761ff1a
2661a76020602e002f00aa467de7244b28009d4200d91800390002f0cbf94a46
3b004343e1690098666a00f03bf8002800dc4de7070072e7019e5146320000f0
33ffb44623686344236021000098fff7b9fc002800d03be7019e08e7009800f0
89ff061ec7d1009d21692800fff7a2fd8022a38993431b04743a1b142a6029e7
6f1cd3e601204042ace60c23009a13600c22a35e1ee7c04600fcff7f7ffbffff
ffffff7f3047c046f8b54746ce4680b5b8278046bf00474489460026002f15d0
7b68bc685d1e0ed4a389012b08d90e22a35e013304d02100404600f00ef80643
7834013df0d23f68002fe9d130000cbc90469946f8bc02bc0847484710b500f0
fdf80200093a0300042a23d9202821d0114a82180120002a19d0104a9a18002a
15d00f4a9a18062a11d90e4a9a18022a0dd90d4a9a18012a09d90c498c460c4a
981863444242424158425841104310bc02bc08470120fae780e9fffff2e7ffff
00e0fffff8dfffffd8dfffff00d0ffffa1dfffff10b5022946d003293fd00129
04d00120404210bc02bc08470100030a803b80391b0609061b0e090e1a005032
1206120e1f2a0dd8474a82420ad3b03b1a00db019b1a5b00a1395918434b4900
c85ae0e71a0030321206120e242a0dd83f4a82420ad3d03b1a00db019b1a5b00
a13959183b4b4900c85acce75f331b061b0e072bc5d8384a9b00d3589f460304
01061b0e090ec9e702040106120e090e9e290dd923310906090e802413009f2a
0dd8703b5b061b0e1b191b061b0eb5e77e390906090e7f2413009f2af1d95033
f0e7f1299dd8a139244b4900c85a002899d1013897e7d82900d992e7a139204b
4900c85a002800d08de7f2e7f62900d987e7c0239b01c81885e7f32900d980e7
184bc8187fe7184b5b18a13b1b78002b00d176e7154bc81875e7a139144b4900
c85a002800d06ee701386ce7a139114b4900c85a67e7c02900d962e7a1390e4b
4900c85a5fe7c046d3cf0000f0cb0002a6f400001ce3000294c800020ccb0002
9cca0002a02f000040ca000260fe000084c90002c8c80002b0cb000210b50400
01f046ff406b002830d02b30ff301a4902f05af8002806d101212000fff72aff
10bc02bc084701f033ff406b00281fd02b30ff30114902f047f8002804d10221
2000fff717ffebe701f022ff406b002810d02b30ff300a4902f036f803002000
002bddd10321fff705ffd9e70548cce70448dde70348ece7b4c80002b8c80002
c0c800026009000310b501f001ff406b002803d0f03010bc02bc08470048f9e7
6009000310b501f0f3fe436b002b05d094225200985c10bc02bc0847004bf7e7
60090003ec23c0587047c04610b501f0dffe436b002b04d0ec22985810bc02bc
0847014bf8e7c0466009000370b50c001e000e23c95e92b01500002917db6a46
01f04afd002812dbf022029b120213400e4a944663445a425341336080238020
db002b60000112b070bc02bc084700233360a3891b0603d5402300202b60f2e7
8023db002b600020ede7c04600e0ffff70b58b8982b006000c009b0709d52300
4333236023610123636102b070bc01bc004701ab6a46fff7b9ff009905003000
00f046f8002820d08022164bf363a3891343009a1b046261019a1b14a3812060
2061002a02d12b43a381dee70e23e15e300001f017fd002811d00322a3899343
012213431b041b14ede70c22a35e9a05cbd40322934302221343a381bfe70c22
a35ee0e7bd60000210b5040001f050fe210000f00df810bc02bc084710b50400
01f046fe2100fff755fb10bc01bc0047f0b557464546de464e46e0b50d000b35
83b00700162d00d89fe007239d4300d5c6e08d4200d2c3e000f008fdf823ff33
9d4200d880e2680a00d1bde0042800d9e3e038239846a80980443930c100934e
71180839cc68a14219d0032362689a431300521b0f2a00ddace0002a00db88e0
03239c4608e06246636893435a1b0f2a00dd9fe0002a7cdae468a142f3d13200
34690832944200d18fe10323616899438946491b0f2900dde5e0726132610029
00db89e07a4a4b46914500d9b2e0db08ff3a9910ff3a8a40db0071689b190a43
99687260e360a1609c601300cc60012182109140994271d80b4205d103229043
490004300b42fbd003239846c3009946b144cc4682466346dc68a44507d156e1
002a00db65e1e468a44500d14fe14246636893435a1b0f2af2dd012080466119
05436560a068e568c560a860404671613161104308364860ce608e603800e250
00f07efc2000083021e0102928d8380000f06cfc1025182302204c4ef3181a00
5c68083a944200d12de1032362689a431300e268a168ca6091600122e3185968
0a4338005a6000f05bfc2000083003b03cbc90469946a246ab46f0bc02bc0847
0c2300203b60f2e780213f2389004020984644e7404662e74b46dee70323b468
62689a439046531ba84592415242002a60d10f20d90f98424a4112065ad10122
290013431143651961603800b5606b6000f026fc20000830c9e7142800d8f7e0
542800d921e16e239846280b80446f30c10014e75a0a042a00d8efe0142a00d9
3ee111005c325b31d20008235b429c46b218944463469a6803239846944500d1
11e1434651689943894500d3fbe092689445f6d16346da6873686146e260a160
9460cc6033e7012360191d43656070613061c26082601a004b460a4342603800
e15000f0ddfb2000083080e7cc0a0003ff010000a64aa74b93461b681268eb18
013200d1f9e0a44a944663441b0b1b0301930199380001f0ddfb030081460133
60d04346e318b44201d098425ad39b4a92461268944652460199614411604b45
00d1e6e05a461268013200d1f1e04a46d31a59185346196007234a46134000d1
aee0082189468e49d21a9144c91a019b4b441b051b0dcb1a190038009b4601f0
a9fb431c00d1e0e04b46c01a01235844184353461b685b441900534619604b46
b3605860b44213d043460f2b00d892e04346072260680c3b9343063a02400520
1a436260e218506090600f2b00d9b4e0744b1a68914200d91960734b1a689142
00d91960002003238446b468616899434b1b88466146da0f0f3098424a411206
6cd1a84500d31ae768e073688fe608239b46073bdc449b46da44434652461342
00d098e62ae0dc680230a34200d156e6cbe60122e31859680a435a60e368a268
3800d3609a6000f02bfb20000830cee65b23984680445c30c10020e69a091100
39323831d20010e708235b429c46e1444b469b680138994500d083e043460342
f2d173688b437360490000d1c6e68b4200d2c3e650460b4200d057e649000430
0b42fbd052e6944604e7aa235b00984219d8dd3b9846e80b80447830c100eee5
8021490153e78910023b8b407268134373606246f1e601234a465360380000f0
dffa002083e6314b98421cd87c239846a80c80447d30c100d1e51033019308e7
542a26d84b461a0b11006f326e31d200bbe61a0500d015e70120019bb2684344
0343536054e7fe217e2389007f209846b5e55b464a461a600ee7210038000831
fff7d8f85346196842e7002301209b461fe7aa2149008a4206d84b46da0b1100
78327731d20090e610498a4206d84b469a0c11007d327c31d20086e6fe227e21
920082e673687fe72b00e808083314e6d40e0003280300030f100000f8020003
08100000200300032403000354050000f0b54746ce4680b583b00a9c06000f00
15009846002c2cd0002d1bd001f080fb436b002b28d0e42200949b5839009946
2a004346300000f028f8431c03d1002323608a33336003b00cbc90469946f0bc
02bc084701f064fb436b002b0ed0e422009400219d5830000123054a00f00cf8
e3e7441dff34cfe7024bd4e7014beee740ba00026009000328474847f0b5de46
57464e464546e0b585b084469b460e9f002900d196e0002a00d197e05b46002b
00d10ce13b680093002b2bd000233879019300282bd07f2834dd0600c03e1f2e
35d8009b3871002b05d101245b463c60012b00d8f3e0019bd25c5c1c1300803b
3f2b00d9fbe0c12800dcf8e000233b60f8238001db0018403f23134018430860
200006e01078013301930028d3d10860386005b03cbc90469946a246ab46f0bc
02bc084700233b6008600120f1e7e0267642b046804446460f2e49d8009b3871
002b00d19de05b465e1c731e9e41009bb344012b00d199e07e794546002d0dd1
f50fa8460025aa469f35a94654464b464546b34265412b0600d0b0e080256d42
a846b04445463f2d00d9a8e0009b7e71012b00d18de0019c125d631c1400803c
3f2c00d99be000243c60fc240007b6012401000c264006433f20104006430e60
1800a6e703a9002a00d067e70020a0e7f0267642b04680444646042e00d97ee0
009b3871002b58d05b465e1c731e9e41009bb344012b55d07e794546002d61d0
f42808d1012398468f2e01dc0023984643461b0663d180256d42a846b0444546
3f2d5cd8009b7e71012b5ed05b465c1c631e9c41a3443c68022c5bd0bb799846
803b3f2b4bd8019bd55c5c1c2b00803b3f2b44d88304e02040030340fc204246
8002360306409001fc22120110403f22334303432a4013430b60002320003b60
47e701245b463c60012b18d9019bd65c01330193012300935fe701245b463c60
012b0cd9019bd65c0133019301230093a3e702245b463c60022b00d06be70220
404226e7f30f984600239a468f339946454653464c46b4425d412b0690d08a23
624601201360404213e702245b463c60022be4d0019c230001339946135d1c00
803c98463f2cead8bb7103245b463c60032bd4d04b46019395e7c04670b50e06
350e830735d0541e002a1bd00378ab4219d0032204e0013c14d30378ab4212d0
01301042f7d1032c10d8002c0ad00378ab4208d0041902e00378ab4203d00130
8442f9d1002070bc02bc0847ff23360c19400e43330408491e430368074a7340
9a189a430a42e2d1043c0430032cf4d8dbe71400d7e7c04680808080fffefefe
f0b505000f2a2fd90b0003439b0736d116000c000300103e350901352d014519
27681f6067685f60a7689f60e768df60103310349d42f3d10f239e4310368519
89191340032b1cd91e1f0023b4080134a400cf58ef500433a342fad10324a643
331d2240c918ed18002a05d00023cc5cec5401339342fad1f0bc02bc08470500
f4e71a00f0e7c046f0b588420cd98b18984209d2531e002a03d0ca5cc254013b
fbd2f0bc02bc084705000f2a08d8002af7d00023cc5cec5401339342fad1f0e7
0b0003439b072dd115000c000300103d2f0901373f01c71926681e6066685e60
a6689e60e668de60103310349f42f3d10f24a5431035491914404519032c13d9
0023271fbe080136b600cc58ec500433b342fad10326b7433c1d09192d193240
c7d1bee70500c4e72200c0e710b5034801f0acf810bc01bc0047c046dc0e0003
10b5034801f0b0f810bc01bc0047c046dc0e0003f0b54e464546de465746e0b5
85b001900e001500002900d1a1e037000198083ffff7daff7a68032314009c43
2b000b33b946162b4cd81020002110238046a84500d2cde0002900d0cae09c42
45dace498b46896838190290884200d1c5e001218a4640680100039050468143
8c4602998b46dc446146496801424bd0104200d1a0e029000198fff789fa051e
35d00123020079689943083a7f18ba4200d131e1221f242a00d917e1132a00d9
ebe003003200116819605168596092689a60019c31002000fef7bcfd2000fff7
8fff17e007218b439846d90fb1e735004346e31a0f2b27d84b46012249465b68
134023434b604c4463681a4362600198fff776ff280005b03cbc90469946a246
ab46f0bc02bc08470321039888438c4621188b46994221db029ad36892683500
d3605c469a60d3e74a460120464652684946024032434e464144034372604b60
4c4463681843606008310198fef772fdcde71100fff71cfa0500cbe751461142
00d088e761463a68ba1a924652688a4310188346a3449b4526db029ad3689268
d3609a605346524655469268db68d3609a60221f0835242a00d99be0132a77d9
5346316899607168d9601b2a00d9a9e03200103308326de03a68ba1a92465146
0322496891430a009346a3449b4500da51e7d7e70c23019a002513608ae70320
02994968844681434046091910300290814258dad20700d53de760463a68ba1a
9246526882430298511803918842dbdc5346524655469268db68d3609a60221f
0835242a00d98ee0132a00d888e05346316899607168d9601b2a00d988e03200
10330832116819605168596092689a6051465b46424641449960039b9a1a0123
1a434a6052465268134042461343524601985360fff7b4fe3ce7336803607368
43601b2a2dd803003200083308320ae72b003200116819605168596092685c46
9a60d14614e74346fa185b469a604346c91a0123194351607a68134042461343
7b600198fff78cfe350013e73100fff72bfeeee631002800fff726fe5c46d146
f6e6b3688360f368c360242a15d00300320010331032d6e6536803229343e418
3500e5e65346b1681961f1685961242a0cd0320018331032bce7336932000361
03007169183318324161bce65346326951469a613200706920331832c861a9e7
2b0032007ee731002800fff7edfd7fe75346b1681961f1685961242a03d03200
183310326ee75346326951469a613200706920331832c86164e7c046cc0a0003
70b50c785e2c2dd04e1c002500210300421cff32197001339a42fbd1711e002c
0ed001236b4003553278711c2d2a0bd05d2a05d0002a02d014000e00f3e73100
080070bc02bc084772785d2a11d0012594420cdd2d060cd1023601340355a242
fbdce1e78e1c4c7801250121cfe70025f0e72d240e00d6e7f0b50c0003230443
234227d1934225d20500194f00e035000c68184be318a3433b4226d1043a2e1d
04312c60032af2d8002a10d00c78013a731c3470002c0fd0012406e00d5d013a
355501330134002d06d0002af6d1f0bc02bc08470600e7e79c180021002af6d0
19700133a342fbd1f1e72e00dee7c04680808080fffefefef0b545465746de46
4e46e0b51f00082389b00790069102920d00984600e0350012982c78fef7d2ff
4246001943786e1c1a42f4d12d2c00d18ae02b2c00d1c1e010233a009a430392
00d1a9e0fb179a460023bb4635000393013b0493634b05930499059e88460800
5a463100534600f0bdff53464046310091465a4600f0b6ff2300303b80460e00
002200200021092b1fd81c00bc4223da002a12db0123b14201d833d000231b06
0bd1320043464a404340134333d10123a14500db00231b062dd0012252422c78
2300303b0135092bdfd92300413b192b1bd8373cbc42dbdb531c54d0039b002b
26d1029b002b04d0069b002a26d1029a136009b03cbc90469946a246ab46f0bc
04bc10474045cad8c8e72300613b192be2d8573cbae75a46534600f04dfee317
00940193009b019c0122c0186141c6e703000c0000215842a141d2e704900591
6b1e04980599d2e77b427b413900102291430a000121023534780391002a38d1
302c1ed0002b38d00a239b4600230a279a46039b002b00d16ae7002304938023
1b06059368e72223079a1360029b002bd6d104980599ace77b427b413500302c
e0d120212a788a43582a0ad110239b4600236c789a4602351027dae73478ae1c
3ae7002b09d008239b46002308279a46cfe7fb17bb469a46cfe7fb17bb469a46
c7e7c046ffffff7ff0b583b01f0004000d00160000f0ccfd436b002b0ad00093
32003b0029002000fff7f6fe03b0f0bc04bc1047004bf2e760090003f0b54546
de464e465746e0b51e00082383b00190009193460d00984600e03d000c982c78
fef7c0fe4246001943786f1c1a42f4d12d2c5fd02b2c00d18ee0102332009a43
914600d178e0002399464b4bb0463d009a464146504600f0b9fe50460f004146
00f0acfe002302002100002012e037390c00b4421dda002b08db824206d32ed1
0123a74200db00231b0628d001235b42297801350c00303c092cead9113c192c
e5d90c00613c192c03d857390c00b442e1db5a1c38d04a46002a15d15a46002a
04d0009a002b11d15b461a6003b03cbc90469946a246ab46f0bc02bc08474346
4343e0180123d3e74042e7e782466a1e5046e9e7734273413100102291430a00
012102353c788946002a2ed1302c18d0002b2fd00a230a2698464b465a1e9341
154a92469a4494e7019a233313605b465046002bdbd1c9e7734273413d00302c
e6d120212a788a43582a08d110236c78984602351026e0e73c78af1c6de7002b
08d0082308269846d7e780231b06b0469a466ee7b046d0e7ffffff7ff0b583b0
1f0004000d00160000f0f2fc436b002b0ad0009332003b0029002000fff72eff
03b0f0bc02bc0847004bf2e760090003f0b557464e464546de46e0b51f000823
87b00590049102920e00984600e02e0010983478fef7e6fd424600194378751c
1a42f4d12d2c00d196e0002303932b2c00d196e010233a009a430fd1302c00d1
92e0002f0ad105239946574b98460a239b460023554e9a460a2712e0fb173a00
01204042c1179a4600f0ccfd3a0080460e00534601204042c11700f0c3fdbb46
91462300303b002200200021092b1fd81c00a74223dd002a12db0123b14201d8
33d000231b060bd10a00434672404340134333d101234c4500dc00231b062dd0
012252422c782300303b0135092bdfd92300413b192b1bd8373ca742dbdc002a
2fdb039b002b26d1029b002b04d0049b002a2fd1029a136007b03cbc90469946
a246ab46f0bc04bc10474045cad8c8e72300613b192be2d8573cbae75a465346
00f05afce31700940193009b019c0122c0186141c6e703000c0000215842a141
d2e72223059a1360029b01204042c117002bd1d06b1ecde701232c780393b51c
68e72c78b51c65e720222b789343582b0cd1493b9946103b984611339b460023
6c780b4e02359a4610277ae7002f00d064e707239946083b984609339b460023
044e9a4608276ce79999999999999919ffffff0fffffff1ff0b583b01f000400
0d00160000f0f4fb436b002b0ad0009332003b0029002000fff70aff03b0f0bc
04bc1047004bf2e760090003f0b557464e46de464546e0b51f00082383b08346
894692460e00984600e02e000c983478fef7e8fc424600194378751c1a42f4d1
2d2c65d0002301932b2c66d010233a009a4309d1302c63d0002f05d10a230521
3a4e98460a270be001203900404200f0d5fc0600012039004042b84600f0d6fc
002300202200303a092a07d9113a192a03d92200613a192a13d80a32974210dd
002b09db864207d3b04220d101238a4200dc00231b061ad001235b422c780135
e0e7002b1adb019a002a15d15246002a04d04a46002b19d153461a6003b03cbc
90469946a246ab46f0bc02bc084743464343d0180123e1e74042e7e722235a46
0120136053464042002be7d06a1ee3e701232c780193b51c98e72c78b51c95e7
20222b789343582b07d1483b6c780f210235074e98461027a2e7002f94d10823
0721044e984608279ae7c04699999919ffffff0fffffff1ff0b583b01f000400
0d00160000f034fb436b002b0ad0009332003b0029002000fff748ff03b0f0bc
02bc0847004bf2e760090003f0b5de464e4657464546e0b58db0179e05900791
9346002e6bd0079a002a62d05a461768169a002a71d05a1e9146002b6dd00023
9846e0339a46079d0197069509ac57463368189d0393019a7368ed5904931268
330021000598029500f05cf8431c39d04346c118169b99422fd8079b002b13d0
00280cdd0023069d019fe25cea5401339842fad1ac4684446346019706935b46
5a461b6804331360019b1b68002b2ad0169b994234d2019b043301934b468846
5a1e9146c3d240460db03cbc90469946a246ab46f0bc02bc0847039b3360049b
7360f0e78a23059a1360002380463360e9e75a4617680122524216929be70600
1d36ff368fe7079a002a01d05a461360002333604b1e9846d5e700239846d2e7
8846d0e72847c046f0b585b01f000d00160000f08dfa040000f08afa436b002b
0ed002930b9b01930a9b3200009329003b002000fff75aff05b0f0bc02bc0847
004beee76009000310b500292ed07f2a13d91300264c803ba34211d840239009
5b4203430b703f2313408022022052421a434a7010bc02bc08470a700120f9e7
1c4b1d4cd318a34212d82023100b5b4203433f2480200b709309404223402240
0343104388704b700320e3e70020e1e7124b134cd318a34214d81023900c5b42
03430b703f208023140b5b4204401c434c709409044002401c4313438c70cb70
3b38c7e78a23036001204042c2e7c0467f07000000f8fffffff700000000ffff
ffff0f0070b505000c1e42d0002802d0836b002b42d00126236f334235d1a389
9b0547d521002800fdf74afde36a0600002b05d0e169280000f04df8002847db
a3891b062dd4216b002908d023004033994202d02800fdf7fdfe00232363616c
002904d02800fdf7f5fe00236364fdf78bfe0023a381236fdb0717d520005c30
00f080f9fdf78afe04e00c22a35e002bc8d10026300070bc02bc0847fdf742fe
b9e721692800fdf7d5fecce7200000f01bf9e3e7200000f00ff90c22a35e002b
b0d1236f1e40e4d1200000f00df9e1e701267642b4e718471800704770b50600
0c004b1c21d0080000f094f900281cd04368013b026843600025002b11d10c4b
9200d258d368002b08d0916d8b22d200b1508168300000f00df80500200000f0
5df9280070bc02bc084701256d42f8e7e80e00031847c04670b5040015004b1c
19d0080000f066f9002814d003680b4a9b009a58d369002b0bd0916d8b22d200
a15081682a00200000f00af870bc02bc08475823236001204042f7e7e80e0003
1847c04600207047f0b5060083b014001d004b1c1dd0080000f03cf9002818d0
03680e4a9b009b589f69002f0fd09a6d8b23db00f250089b8168220000933000
2b0000f00df803b0f0bc04bc10475823336001204042c117f5e7c046e80e0003
3847c046f8b5040016001f004b1c1ad0080000f00ff9002815d003680b4a9b00
9b585d69002d0cd09a6d8b23db00e25081683b003200200000f00af8f8bc02bc
08475823236001204042f7e7e80e00032847c04610b5104c2368002b12d00f4a
1268002a0cd059188a4204d31800216010bc02bc08470c23036001204042f7e7
6a46f0e7064b1b68002b01d02360e6e7044b2360e3e7c0462c03000330030003
340300036c380102f8b5040016001f004b1c1ad0080000f0bdf8002815d00368
0b4a9b009b581d69002d0cd09a6d8b23db00e25081683b003200200000f00af8
f8bc02bc08475823236001204042f7e7e80e00032847c04610b55c3000f036f8
10bc01bc0047c04610b55c3000f03cf810bc01bc0047c046044b1b6910b5002b
01d000f005f810bc01bc0047380300031847c046044b9b6910b5002b01d000f0
05f810bc01bc0047380300031847c046044b1b6a10b5002b01d000f005f810bc
01bc0047380300031847c046044b5b6a10b5002b01d000f005f810bc01bc0047
380300031847c046044bdb6a10b5002b01d000f005f810bc01bc004738030003
1847c046044b1b6b10b5002b01d000f005f810bc01bc0047380300031847c046
0b4bc31a5a1e93410200511e8a411a40084bc31a591e8b4110b5134204d0064b
984201d0fef7eaf910bc01bc0047c046380f0003440f00032c0f00030a4b70b5
040098420dd8094d2800fff785ff084ea400a059fff7d4ff00232800a351fff7
89ff70bc01bc0047ff030000280f0003500f0003044b984203d8044b8000c058
70470020fce7c046ff030000500f0003064b5b6b10b5002b04d000f00bf810bc
02bc0847024b1868f9e7c04638030003f80400031847c046f0b5040ca446ce46
474615042d0c994663466b4380b507043f0c2e007e431d00140c674363466343
7f19340ce4199c46a54203d980235b029846c4444b46434351433604360c250c
24046544a4195918491920000cbc90469946f0bc04bc1047f0b557464e464546
de46e0b5040083b00d00924699468b422fd82cd04946504600f0b2f829000600
200000f0adf8331a9846203b9b4600d576e053465a4693401f00534642469340
1e00af422bd828d05b46a41bbd41002b00da7be0002200230092019301235a46
9340019301234246934000931be08242d0d900220023009201930c9b002b01d0
1c605d600098019903b03cbc90469946a246ab46f0bc04bc1047a342d4d90022
0023009201934346002be6d0fb0772081a4346467b080ee0ab4201d1a2420cd8
a41a9d41012024196d410021013e24184d41002e06d0ab42eed9013e24196d41
002ef8d15b460098019900196941002b22db2b005a46d3402a004446e2401c00
5b461500002b2cdb26009e40330026004746be403200801a994100900191ace7
424620239b1a5246da40414613004a468a4017001f4380e7424620239b1a2a00
46469a402300f3401343d5e74246202300219b1a0022009101920122da400192
80e74246202326009b1ade402f00b446974066463b003343c9e7c046ffffffff
7847c04684e2ffea00c09fe51cff2fe1dd1000027847c0464be1ffea00c09fe5
1cff2fe1dd1000027847c0469be1ffea00c09fe51cff2fe1b98800027847c046
1fe2ffea7847c04664e2ffea7847c0465ae2ffea000000000000000000000000
f8b5c046f8bc08bc9e4670470a05010800000000ef009f002c012c0100000000
0000000000000000000000000000000000000000000000000000000000000000
0000000000000000000000000001f00001000000000000000000000000000000
0000000000000000000000000000000000000000000000000000000000000000
000000000000000000000000ff2eff2eff2ef32eff2eff2eff2ef32eff2eff2e
ff2ef32eff2eff2eff2ef32eff2eff2eff2ef32eff2eff2eff2ef32eff2eff2e
ff2ef32eff2eff2eff2ef32eff2eff2eff2ef32eff2eff2eff2ef32eff2eff2e
ff2ef32eff2eff2eff2ef32eff2eff2eff2ef32eff2eff2eff2ef32eff2eff2e
ff2ef32eff2eff2eff2ef32eff2eff2eff2ef32eff2eff2eff2ef32eff2eff2e
ff2ef32eff2eff2eff2ef32eff2eff2eff2ef32eff2eff2eff2ef32eff2eff2e
ff2ef32eff2eff2eff2ef32eff2eff2eff2ef32eff2eff2eff2ef32eff2eff2e
ff2ef32eff2eff2eff2ef32eff2eff2eff2ef32eff2eff2eff2ef32eff2eff2e
ff2ef32eff2eff2eff2ef32eff2eff2eff2ef32eff2eff2eff2ef32eff2eff2e
ff2ef32eff2eff2eff2ef32eff2eff2eff2ef32eff2eff2eff2ef32eff2eff2e
ff2ef32eff2eff2eff2ef32eff2eff2eff2ef32eff2eff2eff2ef32eff2eff2e
ff2ef32eff2eff2eff2ef32eff2eff2eff2ef32eff2eff2eff2ef32eff2eff2e
ff2ef32eff2eff2eff2ef32eff2eff2eff2ef32eff2eff2eff2ef32eff2eff2e
ff2ef32eff2eff2eff2ef32eff2eff2eff2ef32eff2eff2eff2ef32eff2eff2e
ff2ef32eff2eff2eff2ef32eff2eff2eff2ef32eff2eff2eff2ef32eff2eff2e
ff2ef32eff2eff2eff2ef32eff2eff2eff2ef32eff2eff2eff2ef32eff2eff2e
ff2ef32eff2eff2eff2ef32eff2eff2eff2ef32eff2eff2eff2ef32eff2eff2e
ff2ef32eff2eff2eff2ef32eff2eff2eff2ef32eff2eff2eff2ef32eff2eff2e
ff2ef32eff2eff2eff2ef32eff2ec92ec3e1ff2edb2ec1e1c92ec3e1fe2eef2e
c2e1c32ec1e12ec7e12ec5e1c52ec2e1c42ec5e1c22ec5e1c52ec2e1c92ec5e1
ca2ec2e1cb2ec6e1c62ec5e1ce2ec1e1c22ec5e1c42ec1e1fe2eef2ec2e1c32e
c1e1c32ec2e1c42ec2e1c22ec2e1c42ec1e1c42ec2e1c32ec1e1c22ec2e1c22e
c2e1c32ec4e1c82ec2e12ec2e1ca2ec2e1ce2ec2e1c72ec2e1c22ec2e1cd2ec1
e1c22ec2e1c72ec1e1fe2eef2ec2e1c32ec1e1c32ec2e1c42ec2e1c22ec1e1c5
2ec1e1c42ec2e1c62ec2e1c22ec1e1c42ec1e12ec2e1c82ec2e1c22ec2e1c22e
c2e1c22ec1e1c22ec2e1c52ec3e1c52ec3e1c72ec2e1c32ec2e12ec2e1c22ec1
e1c22ec5e1c22ec2e1c72ec2e1fd2eef2ec6e1c32ec2e1c42ec5e1c32ec3e1c4
2ec1e1c32ec2e1c22ec5e1c32ec2e1c22ec1e1c82ec2e12ec2e1c32ec2e1c22e
c1e1c22ec2e1c42ec2e12ec2e1c32ec3e1c82ec2e1c32ec2e12ec2e1c22ec1e1
c22ec2e12ec2e1c22ec5e1c42ec3e1fc2eef2ec2e1c32ec1e1c32ec2e1c42ec2
e1c22ec2e1c32ec2e1c42ec2e1c32ec1e1c22ec2e1c22ec2e1c22ec6e1c72ec5
e1c32ec2e1c22ec1e1c22ec2e1c32ec6e1c32ec2e1c92ec2e1c32ec2e12ec2e1
c22ec1e12ec2e1c32ec1e1c22ec2e1c72ec2e1fd2eef2ec2e1c32ec1e1c32ec2
e1c42ec2e1c22ec2e1c42ec1e1c42ec2e1c32ec1e1c22ec2e1c22ec2e1c22ec1
e1c32ec2e1c72ec2e12ec2e1c32ec2e12ec2e1c22ec2e1c42ec2e1c52ec2e1ca
2ec2e1c22ec2e1c22ec2e12ec2e1c22ec2e12ec2e1c22ec2e1c72ec1e1fe2eef
2ec2e1c32ec1e1c32ec2e1c42ec5e1c52ec2e1c42ec5e1c22ec5e1c22ec2e1c4
2ec1e1c72ec2e1c22ec2e1c22ec5e1c22ec5e1c22ec4e12ec7e1c62ec5e1c32e
c5e1c22ec5e1c22ec5e1c42ec1e1fe2eff2ec92ec3e1ff2ee52ec3e1fe2eff2e
e52ec5e1e32ec5e1ff2ee02eff2eff2eff2ef32eff2eff2eff2ef32eff2eff2e
ff2ef32eff2eff2eff2ef32eff2eff2eff2ef32eff2eff2eff2ef32eff2eff2e
ff2ef32eff2eff2eff2ef32eff2eff2eff2ef32eff2eff2eff2ef32eff2eff2e
ff2ef32eff2eff2eff2ef32eff2eff2eff2ef32eff2eff2eff2ef32eff2eff2e
ff2ef32eff2eff2eff2ef32eff2eff2eff2ef32eff2eff2eff2ef32eff2eff2e
ff2ef32eff2eff2eff2ef32eff2eff2eff2ef32eff2eff2eff2ef32eff2eff2e
ff2ef32eff2eff2eff2ef32eff2eff2eff2ef32eff2eff2eff2ef32eff2eff2e
ff2ef32eff2eff2eff2ef32eff2eff2eff2ef32eff2eff2eff2ef32eff2eff2e
ff2ef32eff2eff2eff2ef32eff2eff2eff2ef32eff2eff2eff2ef32eff2eff2e
ff2ef32eff2eff2eff2ef32eff2eff2eff2ef32eff2eff2eff2ef32eff2eff2e
ff2ef32eff2eff2eff2ef32eff2eff2eff2ef32eff2eff2eff2ef32eff2eff2e
ff2ef32eff2eff2eff2ef32eff2eff2eff2ef32eff2eff2eff2ef32eff2eff2e
ff2ef32eff2eff2eff2ef32eff2eff2eff2ef32eff2eff2eff2ef32eff2eff2e
ff2ef32eff2eff2eff2ef32eff2eff2eff2ef32eff2eff2eff2ef32eff2eff2e
ff2ef32eff2eff2eff2ef32eff2eff2eff2ef32eff2eff2eff2ef32eff2eff2e
ff2ef32eff2eff2eff2ef32eff2eff2eff2ef32eff2eff2eff2ef32eff2eff2e
ff2ef32eff2eff2eff2ef32eff2eff2eff2ef32eff2eff2eff2ef32eff2eff2e
ff2ef32eff2eff2eff2ef32eff2eff2eff2ef32eff2eff2eff2ef32eff2eff2e
ff2ef32eff2eff2eff2ef32eff2eff2eff2ef32eff2eff2eff2ef32eff2eff2e
ff2ef32eff2eff2eff2ef32eff2eff2eff2ef32eff2eff2eff2ef32e0c0d1a00
0b1b090f1a10121d07141b181a18250d1f08101f010b21021a1c1a191b2b1220
11181c27141e1f141f16161d241b1c23191d1f171f1215220015210d1a1f1718
1d3213230714211c18201c1125011624011e1f1d201e221721221b1f2b172310
1e1f261c2022221d301820301f1e351e1f301c202c1b221e1b21281d21231f20
28221f2c18222d1e21261b22281923241d212d1b24172021281e22241c232018
270520221f1e231b2023171c213723212417270d17261723221c1a251c202133
1729001d232a1f23251c270f1d26181f261322232a2325141c29011e26222024
301c281521261e2325231d25352623301f262c1d27281f2723192c04222a041d
27321b2d0024253627262926262e212a1c24282a242921202b21222a26183102
1f2e10222e0a1e30031d310b1d3500233400233a002939032b3f052b40002844
002f421030431731450b314604334d02374c0b394f163953003e5208405a0642
5a114962054b601f4865004963114b631a516a104f6c05516a28536b1d577310
58731a5b73245779055e7a0d627638607c1b617b2d6081076081156581166883
2b6884236a85186a85356f8b2a6c8e166f8c23738d1b76913c78952d77972578
981b809c3b7ea0257f9f2e83a62187a73587a82e89a73e949ba291af368db12e
8faf3d88b32e93b02f8db33891b52793b1499ab83f95ba4097bb3894c10796be
2798bf1b9aba488fc4099cbe3393c60097c13498c51292c7129ac70096c90095
c916a0c61799c7249bc8189fc3409eca04a2c24a99cc0498c8309fc7269cc639
97cb1a9ec731a2c53a9dca1a9acd0794cf079acc14a7c4439ecb1d9bce0b97d1
00a3ca2a9ace1f9ed000a7cc0e9dd00fa3cf10a1ce209fce2da3cc36a4ca47a8
ce2399d414a9cb40a1d400a3cd409fd315abcc39a9cf31a7cf3aa5d227abd33e
ffffff0000000000000000000000000000000000000000000000000000000000
0000000000000000000000000000000000000000000000000000000000000000
0000000000000000000000000000000000000000000000000000000000000000
d10a00000a05010800000000ef009f002c012c01000000000000000000000000
0000000000000000000000000000000000000000000000000000000000000000
000000000001f000010000000000000000000000000000000000000000000000
0000000000000000000000000000000000000000000000000000000000000000
00000000ff2eff2eff2ef32eff2eff2eff2ef32eff2eff2eff2ef32eff2eff2e
ff2ef32eff2eff2eff2ef32eff2eff2eff2ef32eff2eff2eff2ef32eff2eff2e
ff2ef32eff2eff2eff2ef32eff2eff2eff2ef32eff2eff2eff2ef32eff2eff2e
ff2ef32eff2eff2eff2ef32eff2eff2eff2ef32eff2eff2eff2ef32eff2eff2e
ff2ef32eff2eff2eff2ef32eff2eff2eff2ef32eff2eff2eff2ef32eff2eff2e
ff2ef32eff2eff2eff2ef32eff2eff2eff2ef32eff2eff2eff2ef32eff2eff2e
ff2ef32eff2eff2eff2ef32eff2eff2eff2ef32eff2eff2eff2ef32eff2eff2e
ff2ef32eff2eff2eff2ef32eff2eff2eff2ef32eff2eff2eff2ef32eff2eff2e
ff2ef32eff2eff2eff2ef32eff2eff2eff2ef32eff2eff2eff2ef32eff2eff2e
ff2ef32eff2eff2eff2ef32eff2eff2eff2ef32eff2eff2eff2ef32eff2eff2e
ff2ef32eff2ed12edb292c2b37352f31c234c227432a43292b291cc23b293330
c22f343734da29ff2ed12eff2ed12edb29373b2c27332b293419c2523d638549
4c423a31342b353433c2272bda29ff2ed12eff2ed12edb29c234c22b392a372b
3a0796c1deaabdbbb98a1a302b262b3bc2373534da29ff2ed12eff2ed12edb29
2116335d0c4a0382c1c2b9c1c4bdc2c5bdb5c1c5c1d1c1de741430342a1f312b
da29ff2ed12eff2ed12edb293845561870c1c2c1c9b5c1d0c1c5c3bdc3c4b5c1
d0b5b9c1d2af693f4b1e34da29ff2ed12eff2ed12ecb292b293429332b29c32b
3b2b293429273263a1c1d1c1d0b6c1c6bdc1c5c7bdb6c1c9c1c5b5c1c5c2b5b7
991a3834c22934c23bc22bc2292fc22bcd29ff2ed12eff2ed12ecb29332b34c2
372f35371f2122104e341390c1c0c1c1b5c2c1c4c5bdb5bdc2c1b5c3bdc2c5c4
bdc1c1c1c9c1dd8413225a212b2c343534383534cd29ff2ed12eff2ed12ecb29
3729c2262bc22a342a5212077fc1dec2bbc1cab5c1c5c2c1c1cac1c5c2c1bdc1
c5c3bdc3c5bdc1c1b5c3bdc1c5b5b6bdc1c5bbc1c2764c1522342b252c2b3b34
cc29ff2ed12eff2ed12ecb292143385d0e332a34186fc1c0b9c3bdc2c1b5c2bd
c2cac2b5c3cab4c1da90c1ddb2b5bdb5bdc2b5c2bdc1c5bdc1c5c1c1bdc1c5bd
c1c1a8683f4322383e1c342fcb29ff2ed12eff2ed12ecb293b344227243f649b
c1d1b5c1dbc1c1c1c5c2bdc2c5bdc2b5c2c1bdc1ceb2c1de9549304f30579cc1
ccbbb5c1cab5c4bdc1c5bdc1c1bdc2c5c1cac1c5c1d69454352d582138cb29ff
2ed12eff2ed12ecb291d2c110892b8c1c1c1cac1c5c1d0b3bdc1c5bdc1c4bbbd
b5c2c5bdc1c6c1c1a16c4543212f2a43374e0b6ebab5bdc2b5c7bdc1c1b3c1ca
c1c5c1cab9c1dd801b2921cb29ff2ed12eff2ed12e2934293135262b095c1030
1566c1dac1c1c1cac2bdc1c4bdbbc1c5bbbdc1cac1c5c1c6c2b5c1c5b9c1da71
03372733c7292b1153157dc1c3c1d2c1d0c1cabdc1cabdb5c2bdbbc2bdc2c5b5
bdc1ca9d60121c47225cc23b25352638ff2ed12eff2ed12e342b27353837114b
2d4196b7bbbdc1d0b6c1c1bdc2cac2bdc1c5b5c1cabdb6b5c1d87e003f340f47
2bc234c7290f5c09303f1a8cc1ddaab9bdc1c5c2bdc1c5bdb5c3bdc1c5c2bdb5
c1dd921a24252c3826382a26ff2ed12eff2ed12e2b34370a311b7dc1c2b2c2bd
c1c5c3bdc2c5bdc1c1c2b6c1cdc1c5b5c1d19b5735c234373b272b3437342bc7
29c22b332b373b2c2b4c67a9c1d2b5bdb5bdb6c1c1c1c5bdc1c5c5bdc1c4b2c1
cc771443332b37ff2ed12eff2ed12e29452a4b8cc1dbb3bdc2b5c1c1bdc1c5b5
c2bdc1c5bdb5bdc1d1aac1d56f122f47c22b2a3727343537342933c5292bc234
2933253b37c23b47421f0e73c1ccc1d1c1c5c2cac1c1bdc1c5c1c6c1c5c1c1c1
c5bdc3c5b5c1d27c424e21ff2ed12eff2ed12e33343b55c1caaec1c6c1d0c1c5
c1c4c3bbc3bdb6c2c5c1d47b0338101f5a1f35c22bc230342bc2272934c5292b
3437342934302b27292a372221334e0086abb5c1cac4bdc1c5c3bdc1d7b6c1d7
c1cac1dd4c4f51ff2ed12eff2ed12e292b3441b5c1cacabdaa9641433b1d342b
34302f2bc2372b33d0293729c227332f3034312f342c515f4198c1c5bdb5c7bd
b5c1c5b503372fff2ed12eff2ed12e292b3441b5c1cacabdc1c9b1760e245a27
262b342b3433272b3834cf29272b34c237272b2a3b332b0d30017bc1ddc1cabd
b5c7bdb5c1c5b503372fff2ed12eff2ed12e292b3441b5c1cacabdc2cabdc1ca
a465444a34c23b372bc233272bcf29272b3734c22b3b3729343f69a9bbc1cab5
c1c5bdb5c7bdb5c1c5b503372fff2ed12eff2ed12e292b3441b5c1cacbbdb5c2
c1b6c1c4c1dc94075e38400a5c45342bd1292b214bc23019639cc1c9c1c1c1d0
cdbdb5c1c5b503372fff2ed12eff2ed12e292b3441b5c1caccbdc1c1bdc1cac2
b5c1cab5c1de7e494d213837d02934c2333712068ec1ddbdc1cabdb5c1cac1c5
c1cac1c5cabdb5c1c5b503372fff2ed12eff2ed12e292b3441b5c1cac1c1bdc1
c1c1cac1d1c1c9b5bdc1cab5c1c1b5c5bdc2c1c2c5b2c1c273022a09373b3329
2a2bc234312631432f33222142177ac1e0c1c4bdc2c5c3bdc1c4c2bdc1c1b5c1
cac1c5b5c1cdc1cfc1cec1cac2bdb5c1c5b503372fff2ed12eff2ed12e292b34
41b5c1cac3c5b6880895c1c9b2c2b5c1c5bdc1c4bdc1c5c2bdc1c5b5c1c1bdb8
b2bba6495b2b222926293435c238284333301569a7b9b5c1c1b5c3bdc2b5bdb5
c2c5bdc1c5b3b9c1de831ba0c1c1c1c5bdb5c1c5b503372fff2ed12eff2ed12e
292b3441b5c1cabdb9c1c5b08624521471c1d8c1d2c1c1bdc2c5bdc1c1bdc3c5
b6c1d0c1c5c1c1b5c1d0b8916235283bc22b3b2a0c304198c1dfb5bdc1c5c1d0
b5c1c5bdc2c1bdc1c5c1c6c2bdc2c5c1c4ad6d5e2824a4c1d0c1cbc2c1c1c5b5
03372fff2ed12eff2ed12e292b3441b5c1cac1c5b9b5c1c58437c234210a1781
c1deb9c1c9c2b5c1cac1c1b5c1cac2bdc1cac1c5c1c1bdc1c1bdb5c1d87e1b3f
2d531487c1ccbbc3bdc1c1bdc1c1c5bdc1cac1c5c1cac1d2c1c9c1c0790b2835
342645a5b5c1c5c1c1b5c1c5b503372fff2ed12eff2ed12e292b3441b5c1cac1
c5bbbdb58633372a2b224e32453694c1ccb2c1d0c1c1b9b5c1c5b5bdc2cac3bd
b9c1d0b2b7a979c1dab8c1c5c1cac1c5bdc1cac3bdc2c5c2bdc2c5b3b9c1cc86
1353261c2c1f35382b9fb6bdc2b5c1c5b503372fff2ed12eff2ed12e292b3441
b5c1cab8bbc1cabd842b33c22c3b2c501d35293067a9c1c4bdc1c5bdc1c5bdc1
c4bdc1c5bdc1c4c1c5b5c1cabdc2c1b5c1c5b5c1cabdc2c1c1c5c3bdc1c1bdc1
c5bdc1d39965300c47223721500c34313ba5bdc1c5c2b5c1c5b503372fff2ed1
2eff2ed12e292b3441b5c1cabdbbc1c5bd84ca292b10353f71afc1cab5c1d0b5
bdc2c5c3bdc1c4c6bdc1c1bdc1c5c1c1c1c9b2b5bdc1cac1c9a96e123815ca29
37a2c3bdb5c1c5b503372fff2ed12eff2ed12e292b3441b5c1cabdbbc1c5bd84
cb290f5c3743210780c1ccc1d2b5c1c1bdc4c5c9bdc1c1c1c5aac1d1c1de7a0b
5230434b0cca2937a2c3bdb5c1c5b503372fff2ed12eff2ed12e292b3441b5c1
cabdbbc1c5bd84ca293429c2253b3e2729301b94c1d2b5c1c5c1c1b5c1c6c5bd
b6b5c2cab5c1d28b173f353bc22b343538ca2937a2c3bdb5c1c5b503372fff2e
d12eff2ed12e292b3441b5c1cabdbbc1c5bd84ca29c233383b262c2ac2293052
0d60a5b8c1c9c1cac4bdc1c5c1cac1dfac9b5724305f2927343729c333ca2937
a2c3bdb5c1c5b503372fff2ed12eff2ed12e292b3441b5c1cabdbbc1c5bd84cb
292b33c234c22f3534310c5a43220b73c1ccc5bdc1d46b3f5c0f4dc221c237c2
2f30373b2bca2937a2c3bdb5c1c5b503372fff2ed12eff2ed12e292b3441b5c1
cabdbbc1c5bd84d5292c3529472ac1ddc5bda92b33302bd52937a2c3bdb5c1c5
b503372fff2ed12eff2ed12e292b3441b5c1cabdbbc1c5bd84d5292c3529472a
c1ddc5bda92b33302bd52937a2c3bdb5c1c5b503372fff2ed12eff2ed12e292b
3441b5c1cabdbbc1c5bd84d5292c3529472ac1ddc5bda92b33302bd52937a2c3
bdb5c1c5b503372fff2ed12eff2ed12e292b3441b5c1cabdbbc1c5bd84d5292c
3529472ac1ddc5bda92b33302bd52937a2c3bdb5c1c5b503372fff2ed12eff2e
d12e292b3441b5c1cabdbbc1c5bd84d5292c3529472ac1ddc5bda92b33302bd5
2937a2c3bdb5c1c5b503372fff2ed12eff2ed12e292b3441b5c1cabdbbc1c5bd
84d5292c3529472ac1ddc5bda92b33302bd52937a2c3bdb5c1c5b503372fff2e
d12eff2ed12e292b3441b5c1cabdbbc1c5bd84d5292c3529472ac1ddc5bda92b
33302bd52937a2c3bdb5c1c5b503372fff2ed12eff2ed12e292b3441b5c1cabd
bbc1c5bd84d5292c3529472ac1ddc5bda92b33302bd52937a2c3bdb5c1c5b503
372fff2ed12eff2ed12e292b3441b5c1cabdbbc1c5bd84d5292c3529472ac1dd
c5bda92b33302bd52937a2c3bdb5c1c5b503372fff2ed12eff2ed12e292b3441
b5c1cabdbbc1c5bd84d5292c3529472ac1ddc5bda92b33302bd52937a2c3bdb5
c1c5b503372fff2ed12eff2ed12e292b3441b5c1cabdbbc1c5bd84d5292c3529
472ac1ddc5bda92b33302bd52937a2c3bdb5c1c5b503372fff2ed12eff2ed12e
292b3441b5c1cabdbbc1c5bd84d5292c3529472ac1ddc5bda92b33302bd52937
a2c3bdb5c1c5b503372fff2ed12eff2ed12e292b3441b5c1cabdbbc1c5bd84d5
292c3529472ac1ddc5bda92b33302bd52937a2c3bdb5c1c5b503372fff2ed12e
ff2ed12e292b3441b5c1cabdbbc1c5bd84d5292c3529472ac1ddc5bda92b3330
2bd52937a2c3bdb5c1c5b503372fff2ed12eff2ed12e292b3441b5c1cabdbbc1
c5bd84d5292c3529472ac1ddc5bda92b33302bd52937a2c3bdb5c1c5b503372f
ff2ed12eff2ed12e292b3441b5c1cabdbbc1c5bd84d5292c3529472ac1ddc5bd
a92b33302bd52937a2c3bdb5c1c5b503372fff2ed12eff2ed12e292b3441b5c1
cabdbbc1c5bd84d5292c3529472ac1ddc5bda92b33302bd52937a2c3bdb5c1c5
b503372fff2ed12eff2ed12e292b3441b5c1cabdbbc1c5bd84d5292c3529472a
c1ddc5bda92b33302bd52937a2c3bdb5c1c5b503372fff2ed12eff2ed12e292b
3441b5c1cabdbbc1c5bd84d5292c3529472ac1ddc5bda92b33302bd52937a2c3
bdb5c1c5b503372fff2ed12eff2ed12e292b3441b5c1cabdbbc1c5bd84d5292c
3529472ac1ddc5bda92b33302bd52937a2c3bdb5c1c5b503372fff2ed12eff2e
d12e292b3441b5c1cabdbbc1c5bd84d5292c3529472ac1ddc5bda92b33302bd5
2937a2c3bdb5c1c5b503372fff2ed12eff2ed12e292b3441b5c1cabdbbc1c5bd
84d5292c3529472ac1ddc5bda92b33302bd52937a2c3bdb5c1c5b503372fff2e
d12eff2ed12e292b3441b5c1cabdbbc1c5bd84d5292c3529472ac1ddc5bda92b
33302bd52937a2c3bdb5c1c5b503372fff2ed12eff2ed12e292b3441b5c1cabd
bbc1c5bd84d5292c3529472ac1ddc5bda92b33302bd52937a2c3bdb5c1c5b503
372fff2ed12eff2ed12e292b3441b5c1cabdbbc1c5bd84d5292c3529472ac1dd
c5bda92b33302bd52937a2c3bdb5c1c5b503372fff2ed12eff2ed12e292b3441
b5c1cabdbbc1c5bd84d5292c3529472ac1ddc5bda92b33302bd52937a2c3bdb5
c1c5b503372fff2ed12eff2ed12e292b3441b5c1cac1c4bdc1c5b58459214734
2f2b2f2bc334ca292c3529472ac1ddc5bda92b33302bca292b2fc2372b23292b
2c33c23ba5b6c1c1c1c5b5c1c5b503372fff2ed12eff2ed12e292b3441b5c1ca
bbbdc1c6bd8415342737c23835c234c22bca292c3529472ac1ddc5bda92b3330
2bcb292f2b293738293e37213e1ea5c1c5bdc1c5c1c1c1c5b503372fff2ed12e
ff2ed12e292b3441b5c1cac3bdc1d09a175e4a372c232c2b3bc22bca292c3529
472ac1ddc5bda92b33302bcb2934c2272bc4342f2665acb3c2c5b5c1c5b50337
2fff2ed12eff2ed12e292b3441b5c1cac3bdc1cabdb2c1c36d0b5d153843c334
ca292c3529472ac1ddc5bda92b33302bca292b33355b38302419208bc1d6b9bd
c1c1bdc1c5b5c1c5b503372fff2ed12eff2ed12e292b3441b5c1cac3bdc2c5c1
d0b3bbc1d39a653d2d263b37ca292c3529472ac1ddc5bda92b33302bca29c234
3140560d67afc1d1b9c1cac1c6c4bdb5c1c5b503372fff2ed12eff2ed12ec22b
3441b5c1cdc2c5bdc2c1c1cabdb5c1cac1c1b5c1cc8f41520c292bc329c32b29
342c3729472ac1ddc5bda9c22b303bc23429c22b29c234c32b473f4199b7b5c4
bdc1c1bdc2c5c2c1c1c5c1c4031d2bff2ed12eff2ed12e2b383b46b8c1d9b6bd
c1d0c3bdc1c4c1c1c2bdc1c1bdc1cab9c1d881145c51091c372b3435c2243529
3130c1ddc5bda9292b303b373433273b2c51c22a4a078ac1dec1d2b5c1c5c3bd
c2c1bdb9c1c1c1c6b5c1cac1dbc1de3fc221ff2ed12eff2ed12e2938373a63c1
dac1d2b5c1cabdc1c1c2c5c6bdb5c2d1b2bc690b3134c22c2b3b2b38374330c1
dec5bda933272f2b253b3ec23b37350b72c1c3c1d1b3c2d0c1c5bdc1c1c1c5c1
cac1c5bdc1c1bdc1c5c1cabbaabc08213b43ff2ed12eff2ed12e2b27342b2534
1386c1ddc2c5aec2c1c1cac1c5c6bdc1c5bdc1d1bf9a664d47382a242b274330
c1dec5bda9330c42333b1c3411326aa8c1c4c2bdc1c5c1c6c4bdc1c5bdb9c1c4
b9b5c1cabbc1dc7b36353a2b3b2bff2ed12eff2ed12ec2342730463831105c4c
66a3c1ccc2bdc2b5bdc1c5bdc2c1b9c1c4b5bdc1c5bdc1c4c1dd8917205b2647
28c1ddc5bda9274b303e0f4195c1ccbbc1cdc1cab5c3bdc1c4c2c1bdc2c5c2bd
bbc1d293175c1c282a382745312bff2ed12eff2ed12e2bc234313426434e1d33
29583f81c1dec1c1c1c5bdc1c1bdc1c5c1c6c1c5bdc1d0b5b6c1c6bdb6c1cabd
c1c87814523fc1ddc5bda92f4a1385c1ddb2b5c1c5b5c1cabdc2b5c2bdc1c5c3
bdc2b5c1c4c1d4653034c24347102c343a343135ff2ed12eff2ed12ecb29372b
243f4194c1ddc1c5c2c1c1cabdc1c5c2c4c1c5c2c1bdc2c5c1cdb5c1d0b16bc1
dec5bdab77bab2c3bdc1c5c2bdc2b5bdc1c5bdc2c1c1d0b5aac1dd821a303122
cb29ff2ed12eff2ed12ecb29333430294f2430639ab9c1d1bdc2c5c3bdc1c5c1
cabdc1c1c1c5b5b6c1ceb9c6bdaec1d0bbc2b5c1c5bdc3c1c1c6c1c5c1c1c3c5
b6c1dd991a30511f0a2143cb29ff2ed12eff2ed12ecb29c22b343035c3344a12
64adc2b9b3c1cab6c1cab5bdc1cec1c5c2bdc1c5c1cac6bdc2c5c2bdc1c5bdc2
b5bdc1cac2c5c2c1b8a9664c3529c32b3b34cc29ff2ed12eff2ed12ecb29342b
2733343bc22a2143153f0777c1d4bfc1cab5c1d0b9c1c1bdc2c5b8c1cac6bdc1
c4c3c5bdb5bdc1c5c2cac1c9b2b1752016c22a37342c2bc23b34cc29ff2ed12e
ff2ed12ecb293329353b2c33293b2b1f3305594e3f148bc1d3b5c2c5c3bdb9c1
cbc1c1c5bdbbc1c1c1c5c1cab9bdc2c5c1cdbe7f07350f59c23b2c2b342f302f
2b2934cb29ff2ed12eff2ed12edb291043499cc1c9b6c1c5b5c1c1c1cab5c3bd
c3c5c1cab5c1c6c2cac1dd8d135c2bda29ff2ed12eff2ed12edb292628192f0b
69a4c1d1b5bbb5c3c5bdb5c1c4c2cac1d3976361520c5adb29ff2ed12eff2ed1
2edb29380a5148225a291274bab8c1c1c2c5c2bdb2a9694621252c374a22db29
ff2ed12eff2ed12edb293ac234262c3b2b3322323c81c1deb2c1d57b144ac22b
2ac237c23bdc29ff2ed12eff2ed12edb29383429c234333734264738210d0443
2a0c40293727342b27c22bdb29ff2ed12eff2ed12edc29c22b29342b293429c2
2b34c2292b29c234c3292b29c234dc29ff2ed12eff2eff2eff2ef32eff2eff2e
ff2ef32eff2eff2eff2ef32eff2eff2eff2ef32eff2eff2eff2ef32eff2eff2e
ff2ef32eff2eff2eff2ef32eff2eff2eff2ef32eff2eff2eff2ef32eff2eff2e
ff2ef32eff2eff2eff2ef32eff2eff2eff2ef32eff2eff2eff2ef32eff2eff2e
ff2ef32eff2eff2eff2ef32eff2eff2eff2ef32eff2eff2eff2ef32eff2eff2e
ff2ef32eff2eff2eff2ef32eff2eff2eff2ef32eff2eff2eff2ef32eff2eff2e
ff2ef32eff2eff2eff2ef32eff2eff2eff2ef32eff2eff2eff2ef32eff2eff2e
ff2ef32eff2eff2eff2ef32eff2eff2eff2ef32eff2eff2eff2ef32eff2eff2e
ff2ef32eff2eff2eff2ef32eff2eff2eff2ef32eff2eff2eff2ef32eff2eff2e
ff2ef32eff2eff2eff2ef32eff2eff2eff2ef32eff2eff2eff2ef32eff2eff2e
ff2ef32eff2eff2eff2ef32eff2eff2eff2ef32e0c0d1a000b1b090f1a10121d
07141b181a18250d1f08101f010b21021a1c1a191b2b122011181c27141e1f14
1f16161d241b1c23191d1f171f1215220015210d1a1f17181d3213230714211c
18201c1125011624011e1f1d201e221721221b1f2b1723101e1f261c2022221d
301820301f1e351e1f301c202c1b221e1b21281d21231f2028221f2c18222d1e
21261b22281923241d212d1b24172021281e22241c232018270520221f1e231b
2023171c213723212417270d17261723221c1a251c2021331729001d232a1f23
251c270f1d26181f261322232a2325141c29011e26222024301c281521261e23
25231d25352623301f262c1d27281f2723192c04222a041d27321b2d00242536
27262926262e212a1c24282a242921202b21222a261831021f2e10222e0a1e30
031d310b1d3500233400233a002939032b3f052b40002844002f421030431731
450b314604334d02374c0b394f163953003e5208405a06425a114962054b601f
4865004963114b631a516a104f6c05516a28536b1d57731058731a5b73245779
055e7a0d627638607c1b617b2d60810760811565811668832b6884236a85186a
85356f8b2a6c8e166f8c23738d1b76913c78952d77972578981b809c3b7ea025
7f9f2e83a62187a73587a82e89a73e949ba291af368db12e8faf3d88b32e93b0
2f8db33891b52793b1499ab83f95ba4097bb3894c10796be2798bf1b9aba488f
c4099cbe3393c60097c13498c51292c7129ac70096c90095c916a0c61799c724
9bc8189fc3409eca04a2c24a99cc0498c8309fc7269cc63997cb1a9ec731a2c5
3a9dca1a9acd0794cf079acc14a7c4439ecb1d9bce0b97d100a3ca2a9ace1f9e
d000a7cc0e9dd00fa3cf10a1ce209fce2da3cc36a4ca47a8ce2399d414a9cb40
a1d400a3cd409fd315abcc39a9cf31a7cf3aa5d227abd33effffff0000000000
0000000000000000000000000000000000000000000000000000000000000000
0000000000000000000000000000000000000000000000000000000000000000
000000000000000000000000000000000000000000000000b11a000001000200
040008001000200040008000000200018206000212060002f40500022e060002
9e0600029e0600029e060002480600029e060002c8050002f00500029e060002
9e0600029e0600029e0600029e0600029e0600029e0600029e0600029e060002
9e0600029e0600029e0600029e0600029e0600029e0600029e0600029e060002
9e0600029e0600029e0600029e0600029e0600029e0600029e0600029e060002
9e060002660600029e0600029e0600029e0600029e0600029e0600029e060002
9e0600029e0600029e0600029e0600029e0600029e0600025a0600029e060002
7806000254ba000200000000a50400029d040002b50400029504000200000000
0000000000000000000000000000000000000000000000000000000000000000
0000000000000000000000000000000000000000000000000000000000000000
00000000000000000000000054ba000200000000a50400029d040002b5040002
9504000200000000000000000000000000000000000000000000000000000000
0000000000000000000000000000000000000000000000000000000000000000
000000000000000000000000000000000000000000007c444444447c00007c44
4444447c00007c444444447c00007c444444447c00007c444444447c00007c44
4444447c00007c444444447c00007c444444447c00007c444444447c00000000
00000000000000000000000000007c444444447c00007c444444447c00000000
0000000000007c444444447c00007c444444447c00007c444444447c00007c44
4444447c00007c444444447c00007c444444447c00007c444444447c00007c44
4444447c00007c444444447c00007c444444447c00007c444444447c00007c44
4444447c00007c444444447c00007c444444447c000000000000000000000000
000000000000000000000000000000000000000000000000000000000c0c0c0c
0c000c00333300000000000036367f367f3636000c1f301e033e0c000033566c
1b356600386c6876dcce7b000c0c0000000000000c18303030180c0030180c0c
0c18300000331e3f1e330000000c0c3f0c0c000000000000000c0c180000003f
0000000000000000000c0c0003060c183060c0001e33373f3b331e000c1c3c0c
0c0c0c001e3303060c183f001e33030e03331e000e1e36667f0606003f303e03
03331e000e18303e33331e003f0303060c0c0c001e33331e33331e001e33331f
03061c00000c0c00000c0c00000c0c00000c0c180000030c300c03000000003f
003f00000000300c030c30001e3303060c000c003e636f6b6f603c001e33333f
333333003e33333e33333e000f18303030180f003c36333333363c003f30303c
30303f003f30303c303030001e33303733331f003333333f333333001e0c0c0c
0c0c1e000303030303331e0063666c786c6663003030303030303f0063777f6b
6363630063737b6f676363001e33333333331e003e33333e303030003c666666
666e3f003e33333e363333001e33381e07331e003f0c0c0c0c0c0c0033333333
33331e00333333331e1e0c006363636b7f776300c3663c183c66c300c3663c18
181818003f060c1830607f001e18181818181e00c06030180c0603001e060606
06061e00000c330000000000000000000000007f0c0c06000000000000001e03
1f331f0030303e3333333e0000001e3030301e0003031f3333331f0000001e33
3f301e000e183e181818180000001f33331f031e30303e33333333000c000c0c
0c0c0600060006060606063c303033363c3633000c0c0c0c0c0c06000000767f
6b63630000003e333333330000001e3333331e0000003e33333e303000001f33
331f030300003e333030300000001e301e033e0018183e1818180e0000003333
33331f0000003333331e0c00000063636b7f3600000063361c36630000003333
331e0c1800003f060c183f000c1c183838181c0c18181818181818183038181c
1c1838303f000000000000000000000000000c00001e307e7c301e0000000000
00000c000000000000000c000000000000000c000000000000000c0000000000
00000c000000000000000c000000000000000c000000000000000c0000000000
00000c00330c1e301e033e0000000c1830180c0000001f2426241f0000000000
00000c000000000000000c000000000000000c000000000000000c0000181000
00000000000c180000000000003624000000000000366c000000000000000000
00000c000000000000000c000000000000000c000000000000000c00006a4c6a
00000000330c1e301e033e000000380c060c380000001f2426241f0000000000
00000c000000000000000c00c300e77e3c1818000000000000000c00000c000c
0c0c0c0000021e3030301e100e1b183c18183f00003f123f00000000331e3f0c
3f0c0c000c0c0c000c0c0c001e301e331e031e0000330000000000003e415d51
5d413e0018041c241c003c0000003366cc6633000000003c040000000000003c
000000003e41595d55413e003f00000000000000001e0c00000000000c0c3f0c
0c003f00001804081c0000000018040c18000000001c00000000000000000024
24243e20001f3a3a0a0a0a0000000018180000000000000000063c0000081808
1c00000000182424180000000000cc663366cc00404448102a4e820040444810
2e448e00c02468d02a4e82000c000c1830331e0008041e333f33330004081e33
3f3333000c121e333f3333000a141e333f33330033001e333f3333000c121e33
3f33330000001f243e2427000f18303030180f0608043f303c303f0004083f30
3c303f000c123f303c303f0033003f303c303f0008041e0c0c0c1e0004081e0c
0c0c1e000c121e0c0c0c1e0033001e0c0c0c1e003c36337b33363c000a14737b
6f6763000e1e3f3333331e0008041e3333331e0004081e3333331e000c121e33
33331e00c33c666666663c000063361c366300001e33373f3b331e0008043333
33331e000408333333331e000c12333333331e003300333333331e00cbd3e77e
3c18180000303e33333e30301e3333363333363008041e031f331f0004081e03
1f331f000c121e031f331f000a141e031f331f0033001e031f331f000c121e03
1f331f0000001b041e241b0000001e3030301e0c08041e333f301e0004081e33
3f301e000c121e333f301e0000331e333f301e0008040c0c0c0c060004080c0c
0c0c06000c120c0c0c0c060000330c0c0c0c06000018041e33331e000a143e33
3333330010081e3333331e0004081e3333331e000c121e3333331e000a141e33
33331e0000331e3333331e0000000c003f000c0000001e373f3b1e0008043333
33331f000408333333331f000c12333333331f000033333333331f0004083333
331e0c1800303e33333e303000333333331e0c18000800004120000042200000
4c200000522000004c5420005254200055502000444e20001b5b324a00000000
1b5b31303b3448257300ffff5b25643b256448005b25643b256466005b256441
000000005b256442000000005b25644300000000636f6e00fa220002e21e0002
e21e0002e21e0002e21e0002e21e0002e21e0002e21e0002e21e0002e21e0002
e21e0002e21e0002e21e0002e21e0002e21e0002e21e0002e21e0002e21e0002
e21e0002e21e0002e21e0002e21e0002e21e0002e21e0002e21e0002e21e0002
e21e0002e21e0002e21e0002e21e0002e21e0002e21e0002e21e0002e21e0002
e21e0002e21e00021223000202230002e21e0002e21e0002e21e0002e21e0002
48230002e21e0002e21e0002e21e0002e21e0002e21e0002a8230002a8230002
a8230002a8230002a8230002a8230002a8230002a8230002a8230002a8230002
e21e0002e21e0002e21e0002e21e0002e21e0002e21e0002e21e0002e21e0002
e21e0002e6220002d4230002e21e0002e21e0002e21e0002e21e0002e21e0002
e21e0002e21e000218220002e21e0002e21e0002d2220002e21e0002e21e0002
e21e0002b0220002e21e0002e21e0002e21e0002e21e0002ea230002e21e0002
e21e0002ee230002e21e0002e21e0002e21e0002e21e0002e21e0002e21e0002
e21e0002ee220002f81e0002e21e0002e21e0002e21e0002c023000206230002
18220002e21e00025c230002e21e000270230002da22000232230002e21e0002
e21e0002b822000256230002de230002e21e0002e21e0002ea230002e21e0002
56230002e8210002ee200002e8210002ee200002ee2000029c2100028c210002
8c2100028c2100028c2100028c2100028c2100028c2100027c2100027c210002
ee200002ee200002ee200002ee200002ee200002ee200002ee20000270210002
7021000270210002702100027021000270210002ee200002ee200002ee200002
ee200002ee200002ee200002ee200002ee200002ee200002ee200002ee200002
ee200002ee200002ee200002ee200002ee200002ee200002ba200002ee200002
ee200002ee200002ee200002ee200002ee200002ee200002ee20000270210002
7021000270210002702100027021000270210002ee200002ee200002ee200002
ee200002ee200002ee200002ee200002ee200002ee200002ee200002ee200002
ee200002ee200002ee200002ee200002ee200002ee200002ba2000020a000100
020003000400050006000700080009000a000b000c000d000e000f001000ffff
8a3400020c34000290330002ec3300026c340002d6330002b833000272330002
403300029a340002d6360002d6360002d6360002d6360002d6360002d6360002
d6360002d6360002d6360002d6360002d6360002d6360002d6360002d6360002
d6360002d6360002d6360002d6360002d6360002d6360002d6360002d6360002
d6360002d6360002d6360002d6360002d636000262330002d636000290340002
d6360002d6360002d6360002d6360002d6360002d636000290340002d6360002
d636000262330002d6360002d6360002d6360002d6360002d636000262330002
88340002103400028e330002d436000242370002d4330002b633000270330002
3e330002a63500024c370002403500029e340002a6350002a6350002a6350002
4c3700024c3700024c3700024c3700024c3700024c3700024c3700029e340002
4c3700024c3700024c3700026c3600024c3700029e3400024c3700024c370002
be3400024c3700024c3700024c3700024c3700024c3700024c3700024c370002
4c370002a63500024c37000252360002be340002a6350002a6350002a6350002
4c370002be3400024c3700024c3700024c3700024c3700026c360002be340002
6c3600024c3700024c3700026c3600024c370002be3400024c3700024c370002
be340002c23c0002003400023039000218390002f8380002f2380002e0380002
d2380002be380002163d0002ae380002ea3b0002d23b0002fe3b0002c03b0002
1a3c0002b23b00029e3b0002ec3c00023e3b00022a3b0002123b0002503c0002
023b0002ba3c0002f43a00028a3a00022a3d0002ae3800028a3b0002743b0002
743c0002643b00026c3c0002563b0002423b0002d83c0002ae380002ac390002
963900027a390002743900026239000256390002443900026a370002e6360002
da34000278360002b2350002be3900024a350002023d0002ae380002bc3a0002
de3a0002983c0002ce3a0002903c0002b03a00029e3a0002fa370002fa370002
66380002fa3700024438000244380002fa370002d43d0002e63d0002c83d0002
be3d0002d43d0002d43d0002d43d0002e63d0002e63d0002e63d0002e63d0002
e63d0002e63d0002e63d0002be3d0002e63d0002e63d0002e63d0002b43d0002
e63d0002be3d0002e63d0002e63d0002a43d0002e63d0002e63d0002e63d0002
e63d0002e63d0002e63d0002e63d0002e63d0002d43d0002e63d00029a3d0002
a43d0002d43d0002d43d0002d43d0002e63d0002a43d0002e63d0002e63d0002
e63d0002e63d0002b43d0002a43d0002b43d0002e63d0002e63d0002b43d0002
e63d0002a43d0002e63d0002e63d0002a43d0002923d0002e03d00028a3d0002
863d0002923d0002923d0002923d0002e03d0002e03d0002e03d0002e03d0002
e03d0002e03d0002e03d0002863d0002e03d0002e03d0002e03d0002803d0002
e03d0002863d0002e03d0002e03d0002723d0002e03d0002e03d0002e03d0002
e03d0002e03d0002e03d0002e03d0002e03d0002923d0002e03d0002623d0002
723d0002923d0002923d0002923d0002e03d0002723d0002e03d0002e03d0002
e03d0002e03d0002803d0002723d0002803d0002e03d0002e03d0002803d0002
e03d0002723d0002e03d0002e03d0002723d00023e3d0002803a0002743a0002
e0330002343c0002643a0002223c00025c3a0002503a0002923d0002803e0002
7a3e0002743e0002923d0002923d0002923d0002803e0002803e0002803e0002
803e0002803e0002803e0002803e0002743e0002803e0002803e0002803e0002
803d0002803e0002743e0002803e0002803e0002723d0002803e0002803e0002
803e0002803e0002803e0002803e0002803e0002803e0002923d0002803e0002
623d0002723d0002923d0002923d0002923d0002803e0002723d0002803e0002
803e0002803e0002803e0002803d0002723d0002803d0002803e0002803e0002
803d0002803e0002723d0002803e0002803e0002723d0002683e0002703e0002
603e0002e2360002683e0002683e0002683e0002703e0002703e0002703e0002
703e0002703e0002703e0002703e0002e2360002703e0002703e0002703e0002
583e0002703e0002e2360002703e0002703e0002b6340002703e0002703e0002
703e0002703e0002703e0002703e0002703e0002703e0002683e0002703e0002
523e0002b6340002683e0002683e0002683e0002703e0002b6340002703e0002
703e0002703e0002703e0002583e0002b6340002583e0002703e0002703e0002
583e0002703e0002b6340002703e0002703e0002b6340002463e00024c3e0002
3c3e0002343e0002463e0002463e0002463e00024c3e00024c3e00024c3e0002
4c3e00024c3e00024c3e00024c3e0002343e00024c3e00024c3e00024c3e0002
2c3e00024c3e0002343e00024c3e00024c3e00021c3e00024c3e00024c3e0002
4c3e00024c3e00024c3e00024c3e00024c3e00024c3e0002463e00024c3e0002
143e00021c3e0002463e0002463e0002463e00024c3e00021c3e00024c3e0002
4c3e00024c3e00024c3e00022c3e00021c3e00022c3e00024c3e00024c3e0002
2c3e00024c3e00021c3e00024c3e00024c3e00021c3e0002923d00020e3e0002
8a3d0002743e0002923d0002923d0002923d00020e3e00020e3e00020e3e0002
0e3e00020e3e00020e3e00020e3e0002743e00020e3e00020e3e00020e3e0002
0a3e00020e3e0002743e00020e3e00020e3e0002723d00020e3e00020e3e0002
0e3e00020e3e00020e3e00020e3e00020e3e00020e3e0002923d00020e3e0002
623d0002723d0002923d0002923d0002923d00020e3e0002723d00020e3e0002
0e3e00020e3e00020e3e00020a3e0002723d00020a3e00020e3e00020e3e0002
0a3e00020e3e0002723d00020e3e00020e3e0002723d0002923d0002043e0002
8a3d0002743e0002923d0002923d0002923d0002043e0002043e0002043e0002
043e0002043e0002043e0002043e0002743e0002043e0002043e0002043e0002
803d0002043e0002743e0002043e0002043e0002fc3d0002043e0002043e0002
043e0002043e0002043e0002043e0002043e0002043e0002923d0002043e0002
48360002fc3d0002923d0002923d0002923d0002043e0002fc3d0002043e0002
043e0002043e0002043e0002803d0002fc3d0002803d0002043e0002043e0002
803d0002043e0002fc3d0002043e0002043e0002fc3d0002b64100024e460002
4e460002524200024e4600024e4600024e4600025e4200024e4600024e460002
a2420002ee4200024e460002f8420002044300024e4600023c4300021a460002
1a4600021a4600021a4600021a4600021a4600021a4600021a4600021a460002
4e4600024e4600024e4600024e4600024e4600024e4600024e4600024e460002
4e46000296450002d24500024e4600024e4600024e4600024e4600024e460002
4e4600024e4600024e4600024e4600024e460002484300024e4600024e460002
4e4600028a4300024e460002fc4300024e4600024e460002ca4100024e460002
4e4600024e4600024e4600024e4600024e4600024e4600024e4600024e460002
4e46000296450002b04000024e4600024e4600024e4600026e450002b0400002
6c4000024e460002824500024e460002464400027c440002bc4400026c400002
4e4600028a430002744000021c4200024e4600024e460002584100024e460002
7440000230313233343536373839414243444546000000003031323334353637
383961626364656600000000286e756c6c2900ff202020202020202020202020
20202020303030303030303030303030303030304c6900023a69000226690002
1a6900020c690002f6680002e2680002566900024a495300534a495300000000
4555434a5000ffff0030013002300cff0efffb301aff1bff1fff01ff9b309c30
b40040ffa8003eff3e203ffffd30fe309d309e300330dd4e053006300730fc30
142010200fff3cff1c3016205cff26202520182019201c201d2008ff09ff1430
15303bff3dff5bff5dff083009300a300b300c300d300e300f30103011300bff
1222b100d700f7001dff60221cff1eff662267221e22342242264026b0003220
33200321a50004ffa200a30005ff03ff06ff0aff20ffa70006260526cb25cf25
ce25c725c625a125a025b325b225bd25bc253b20123092219021912193211330
0000000000000000000000000000000000000000000008220b22862287228222
83222a2229220000000000000000000000000000000027222822ac00d221d421
00220322292200000000000000000000000000000000000000002022a5221223
02220722612252226a226b221a223d221d2235222b222c220000000000000000
0000000000002b2130206f266d266a2620202120b6002c22000000000000ef25
0000000000000000000000000000000101010101010101010100000000000000
0101010101010101010101010101010101010101010101010101000000000000
000101010101010101010101010101010101010101010101010101ff91039203
93039403950396039703980399039a039b039c039d039e039f03a003a103a303
a403a503a603a703a803a90300000000000000000000000000000000b103b203
b303b403b503b603b703b803b903ba03bb03bc03bd03be03bf03c003c103c303
c403c503c603c703c803c9031004110412041304140415040104160417041804
19041a041b041c041d041e041f04200421042204230424042504260427042804
29042a042b042c042d042e042f04000000000000000000000000000000000000
0000000000000000000000003004310432043304340435045104360437043804
39043a043b043c043d043e043f04400441044204430444044504460447044804
49044a044b044c044d044e044f04ffff002502250c251025182514251c252c25
242534253c25012503250f2513251b251725232533252b253b254b2520252f25
282537253f251d2530252525382542259c4e1655035a3f96c0541b612863f659
229075841c83507aaa60e163256eed656684a682f59b93682757a16571629b5b
d0597b86f498627dbe7d8e9b16629f7cb788895bb55e096397664868c7958d97
4f67e54e0a4f4d4f9d4f4950f2563759d459015a095cdf600f61706113660569
ba704f757075fb79ad7def7dc3800e846388028b55907a903b53954ea54edf57
b280c190ef78004ef158a26e3890327a28838b822f9c41517053bd54e154e056
fb59155ff298eb6de4802d8562967096a096fb970b54f353875bcf70bd7fc28f
e8966f535c9dba7a114e9378fc81266e185604551d6b1a853b9ce559a953666d
dc748f954256914e4b90f2964f830c99e153b655305b715f2066f3660468386c
f36c296d5b74c8764e7a3498f1825b88608aed92b26dab75ca76c599a660018b
8a8db2958e69ad538651125730584459b45bf65e2860a963f463bf6c146f8e70
14715971d5713f73017e7682d182978560905b921b9d6958bc655a6c2575f951
2e596559805fdc5fbc62fa652a6a276bb46b8b73c17f56892c9d0e9dc49ea15c
966c7b8304514b5cb661c68176686172594efa4f78536960296e4f7af3970b4e
1653ee4e554f3d4fa14f734fa052ef5309560f59c15ab65be15bd17987669c67
b6674c6bb36c6b70c2738d79be793c7a877bb182db8204837783ef83d3836687
b28a2956a88ce68f4e901e978a86c44fe85c116259723b75e581bd82fe86c08c
c5961399d599cb4e1a4fe389de564a58ca58fb5eeb5f2a6094606260d0611262
d0623965419b6666b068776d70704c758676757da582f9878b958e969d8cf151
be521659b354b35b165d68618269af6d8d78cb845788728aa793b89a6c6da899
d986a357ff67ce860e92835287560454d35ee162b9643c683868bb6b7273ba78
6b7a9a89d2896b8d038fed90a39594966997665bb35c7d694d984e989b63207b
2b6a7f6ab6680d9c5f6f72529d557060ec623b6d076ed16e5b841089448f144e
399cf6531b693a6a84972a685c51c37ab284dc918c935b56289d226805833184
a57c0852c582e6747e4e834fa051d25b0a52d852e752fb5d9a552a58e6598c5b
985bdb5b725e795ea3601f616361be61db636265d1675368fa683e6b536b576c
226f976f456fb0741875e3760b77ff7aa17b217ce97d367ff07f9d8066829e83
b389cc8aab8c8490519493959195a2956596d39728991882384e2b54b85ccc5d
a9734c763c77a95ceb7f0b8dc196119854985898014f0e4f71539c556856fa57
4759095bc45b905c0c5e7e5ecc5fee633a67d765e2651f67cb68c4685f6a305e
c56b176c7d6c7f754879635b007a007dbd5f8f89188ab48c778dcc8e1d8fe298
0e9a3c9b804e7d50005193599c5b2f628062ec643a6ba07291754779a97ffb87
bc8a708bac63ca83a09709540354ab555468586a708a27787567cd9e7453a25b
1a8150860690184e454ec74e114fca533854ae5b135f256051653d67426c726c
e36c78700374767aae7a087b1a7dfe7c667de7655b72bb53455ce85dd262e062
1963206e5a86318add8df892016fa6795a9ba84eab4eac4e9b4fa04fd1504751
f67a7151f651545321537f53eb53ac558358e15c375f4a5f2f6050606d601f63
59654b6ac16cc272ed72ef77f880058108824e85f790e193ff9757995a9af04e
dd512d5c81666d69405cf266756989735068817cc550e4524757fe5d2693a465
236b3d6b34748179bd794b7bca7db982cc837f885f89398bd18fd1911f548092
5d4e3650e5533a53d7729673e977e682af8ec699c899d29977511a615e86b055
7a7a7650d35b47908596324edb6ae791515c485c98639f7a936c7497618faa7a
8a718896827c1768707e51686c93f2521b54ab85138aa47fcd8ee19066538888
4179c24fbe501152445153552d57ea738b575159625f845f756076616761a961
b2633a646c656f664268136e66753d7afb7c4c7d997d4b7e6b7f0e834a83cd86
088a638a668bfd8e1a988f9db882ce8fe89b87521f628364c06f999641689150
206b7a6c546f747a507d4088238a0867f64e3950265065507c5138526352a755
0f570558cc5afa5eb261f861f36272631c69296a7d72ac722e7314786f78797d
0c77a9808b89198be28cd28e639075937a965598139a789e43519f53b3537b5e
265f1b6e906e8473fe73437d3782008afa8a50964e4e0b50e4537c54fa56d159
645bf15dab5e275f38624565af67566ed072ca7cb488a180e180f0834e86878a
e88d3792c7966798139f944e924e0d4f485349543e542f5a8c5fa15f9f60a768
8e6a5a7481789e8aa48a778b90915e4ec99ba44e7c4faf4f1950165049516c51
9f52b952fe529a53e35311540e5489555157a2577d59545b5d5b8f5be55de75d
f75d785e835e9a5eb75e185f52604c619762d862a7633b6502664366f4666d67
21689768cb695f6c2a6d696d2f6e9d6e327587766c783f7ae07c057d187d5e7d
b17d15800380af80b18054818f812a8252834c8861881b8ba28cfc8cca907591
71923f78fc92a4954d9605989999d89a3b9d5b52ab52f7530854d558f762e06f
6a8c5f8fb99e4b513b524a54fd56407a7791609dd29e4473096f70811175fd5f
da60a89adb72bc8f646b0398ca4ef0566457be585a5a6860c7610f6606663968
b168f76dd5753a7d6e82429b9b4e504fc95306556f5de65dee5dfb67996c7374
0278508a9693df885057a75e2b63b550ac508d510067c9545e58bb59b05b695f
4d62a1633d68736b086e7d70c7918072157826786d798e65307ddc83c188098f
9b966452285750676a7fa18cb45142572a963a588a69b480b2540e5dfc579578
fa9d5c4f4a528b543e6428661467f567847a567b227d2f935c68ad9b397b1953
8a513752df5bf662ae64e6642d67ba6ba985d1969076d69b4c630693ab9bbf76
5266094e9850c253715ce860926463655f68e671ca732375977b827e9586838b
db8c78911099ac65ab668b6bd54ed44e3a4f7f4f3a52f853f253e355db56eb58
cb59c959ff59505b4d5c025e2b5ed75f1d6007632f655c5baf65bd65e8659d67
626b7b6b0f6c45734979c179f87c197d2b7da2800281f38196895e8a698a668a
8c8aee8ac78cdc8ccc96fc986f6b8b4e3c4f8d4f5051575bfa5b486101634266
216bcb6ebb6c3e72bd74d475c1783a790c803380ea8194849e8f506c7f9e0f5f
588b2b9dfa7af88e8d5beb96034ef153f7573159c95aa45b89607f6e066fbe75
ea8c9f5b0085e07b7250f4679d82615c4a851e7e0e829951045c6863668d9c65
6e713e79177d05801d8bca8e6e90c786aa901f50fa523a5c53677c7035724c91
c8912b93e582c25b315ff9603b4ed653885b4b6231678a6be972e0732e7a6b81
a38d529196991251d7536a54ff5b8863396aac7d0097da56ce536854975b315c
de5dee4f0161fe62326dc079cb79427d4d7ed27fed811f82908446887289908b
748e2f8f31904b916c91c6969c91c04e4f4f45514153935f0e62d467416c0b6e
6373267ecd918392d4531959bf5bd16d5d792e7e9b7c7e589f71fa515388f08f
ca4ffb5c2566ac77e37a1c82ff99c651aa5fec656f69896bf36d966e646ffe76
147de15d759087910698e6511d5240629166d9661a6eb65ed27d727ff866af85
f785f88aa952d95373598f5e905f5560e4926496b7501f51dd5220534753ec53
e8544655315517566859be593c5ab55b065c0f5c115c1a5c845e8a5ee05e705f
7f628462db628c63776307660c662d6676667e67a2681f6a356abc6c886d096e
586e3c7126716771c77501775d7801796579f079e07a117ba77c397d9680d683
8b8449855d88f3881f8a3c8a548a738a618cde8ca49166927e9318949c969897
0a4e084e1e4e574e97517052ce573458cc58225b385ec560fe6461675667446d
b6727375637ab884728bb89120933156f457fe98ed620d69966bed71547e7780
7282e689df985587b18f3b5c384fe14fb54f0755205add5be95bc35f4e612f63
b0654b66ee689b69786df16d3375b9751f775e79e679337de381af82aa85aa89
3a8aab8e9b8f3290dd910797ba4ec14e03527558ec580b5c1a753d5c4e810a8a
c58f63966d97257bcf8a08986291f356a853179039548257255ea863346c8a70
61778b7ce07f708842905491109318938f965e74c49a075d695d7065a267a88d
db966e6349671969c5831798c096fe88846f7a64f85b164e2c705d752f66c451
3652e252d359815f276010623f6574651f667466f2681668636b056e72721f75
db76be7c5680f058fd887f89a08a938acb8a1d9092915297599789650e7a0681
bb962d5edc601a62a56514669067f3774d7a4d7c3e7e0a81ac8c648de18d5f8e
a9780752d962a563426498622d8a837ac07bac8aea96767d0c824987d94e4851
43536053a35b025c165cdd5d26624762b06413683468c96c456d176dd3675c6f
4e717d71cb657f7aad7bda7d4a7ea87f7a811b823982a6856e8ace8cf58d7890
7790ad9291928395ae9b4d528455386f367168518579557eb381ce7c4c565158
a85caa63fe66fd665a69d9728f758e750e795679df79977c207d447d0786348a
3b966190209fe7507552cc53e2530950aa55ee584f593d728b5b645c1d53e360
f3605c6383633f63bb63cd64e965f966e35dcd69fd69156fe571894ee975f876
937adf7ccf7d9c7d6180498358836c84bc84fb85c588708d01906d9097931c97
129acf5097588e61d3813585088d2090c34f7450475273536f6049635f672c6e
b38d1f90d74f5e5cca8ccf659a7d525396887651c363585b6b5b0a5c0d645167
5c90d64e1a592a59706c518a3e551558a559f0605362c167358255694096c499
289a534f0658fe5b1080b15c2f5e855f20604b613462ff66f06cde6ece807f81
d4828b88b88c00902e908a96db9edb9be34ef05327592c7b8d914c98f99ddd6e
277053534455855b58629e62d362a26cef6f2274178a3894c16ffe8a3883e751
f886ea53e953464f5490b08f6a593181fd5dea7abf8fda68378cf872489c3d6a
b08a394e585306566657c562a263e6654e6be16d5b6ead70ed77ef7aaa7bbb7d
3d80c680cb86958a5b93e356c7583e5fad659666806ab56b3775c78a2450e577
30571b5f65607a66606cf4751a7a6e7ff48118874590b399c97b5c75f97a517b
c4841090e979927a3683e15a40772d4ef24e995be05fbd623c66f167e86c6b86
77883b8a4e91f392d099176a26702a73e7825784af8c014e4651cb518b55f55b
165e335e815e145f355f6b5fb45ff2611163a2661d676e6f52723a753a777480
398178817687bf8adc8a858df38d9a9277950298e59cc5525763f4761567886c
cd73c38cae937396256d9c580e69cc69fd8f9a93db751a905a580268b463fb69
434f2c6fd867bb8f2685b47d54933f69706f6a57f7582c5b2c7d2a720a54e391
b49dad4e4e4f5c50755043529e8c485424589a5b1d5e955ead5ef75e1f5f8c60
b5623a63d063af68406c87788e790b7ae07d4782028ae68a448e1390b8902d91
d8910e9fe56c5864e2647565f46e84761b7b6990d193ba6ef254b95fa4644d8f
ed8f449278516b582959555c975efb6d8f7e1c75bc8ce28e5b98b9701d4fbf6b
b16f3075fb964e51105435585758ac59605c925f97655c67216e7b76df83ed8c
1490fd904d9325783a78aa52a65e1f577459126012505a51ac51cd5100521055
545858585759955bf65c8b5dbc6095622d6471674368bc68df68d776d86d6f6e
9b6d6f70c871535fd8757779497b547b527bd67c717d305263846985e4850e8a
048b468c0f8e03900f90199476962d98309ad895cd50d5520c5402580e5ca761
9e641e6db377e57af480048453908592e05c079d3f53975fb35f9c6d79726377
bf79e47bd26bec72ad8a0368616af851817a34694a5cf69ceb82c55b49911e70
78566f5cc76066658c6c5a8c419013985154c7660d924859a39085514d4eea51
99850e8b58707a634b936269b499047e777557536069df8ee3965d6c8c4e3c5c
105fe98f0253d18c89807986ff5ee565734e655182593f5cee97fb4e8a59cd5f
8d8ae16fb0796279e75b71842b73b171745ef55f7b639a64c371987c434efc5e
4b4edc57a256a960c36f0d7dfd803381bf81b28f9789a486f45d8a62ad648789
7767e26c3e6d36743478465a757fad82ac99f34fc35edd62926357656f67c376
4c72cc80ba80298f4d910d50f957925a856873696471fd72b78cf258e08c6a96
19907f87e479e77729842f4f65525a53cd62cf67ca6c7d76947b957c36828485
eb8fdd66206f06721b7eab83c199a69efd51b17b7278b87b8780487be86a615e
8c80517560756b5162928c6e7a769791ea9a104f707f9c624f7ba595e99c7a56
5958e486bc96344f24524a53cd53db53065e2c6491657f673e6c4e6c4872af72
ed735475417e2c82e985a98cc47bc69169711298ef983d6369666a75e476d078
4385ee862a53515326548359875e7c5fb26049627962ab629065d46bcc6cb275
ae769178d879cb7d777fa580ab88b98abb8c7f905e97db980b6a387c99503e5c
ae5f8767d86b357409778e7f3b9fca67177a39538b75ed9a665f9d81f1839880
3c5fc55f6275467b3c906768eb599b5a107d7e762c8bf54f6a5f196a376c026f
e27468796888558a798cdf5ecf63c575d279d7822893f2929c84ed862d9cc154
6c5f8c655c6d1570a78cd38c3b984f65f6740d4ed84ee0572b59665acc5ba851
035e9c5e166076627765a7656e666e6d3672267b50819a8199825c8ba08ce68c
748d1c964496ae4fab64666b1e8261846a85e890015c5369a8987a8457850f4f
6f52a95f455e0d678f79798107898689f56d175f5562b86ccf4e6972929b0652
3b547456b358a4616e621a716e59897cde7c1b7df09687655e80194e754f7551
4058635e735e0a5fc467264e3d8589955b96737c0198fb50c1585676a7782552
a5771185867b4f5009594772c77be87dba8fd48f4d90bf4fc952295a015fad97
dd4f1782ea9203575563696b2b75dc88148f427adf52935855610a62ae66cd6b
3f7ce9832350f84f05534654315849599d5bf05cef5c295d965eb16267633e65
b9650b67d56ce16cf97032782b7ede80b3820c84ec84028712892a8a4a8ca690
d292fd98f39c6c9d4f4ea14e8d5056524a57a8593d5ed85fd95f3f62b4661b67
d067d2689251217daa80a881008b8c8cbf8c7e92329620542c981753d5505c53
a858b264346767726677467ae691c352a16c866b00584c5e54592c67fb7fe151
c6766964e878549bbb9ecb57b95927669a67ce6be954d969555e9c819567aa9b
fe67529c5d68a64ee34fc853b9622b67ab6cc48fad4f6d7ebf9e074e6261806e
2b6f138573542a67459bf35d957bac5cc65b1c874a6ed184147a088199598d7c
116c2077d952225921715f72db772797619d0b697f5a185aa5510d547d540e66
df76f78f9892f49cea595d72c56e4d51c968bf7dec7d6297ba9e7864216a0283
84595f5bdb6b1b73f276b27d1780998432512867d99eee766267ff520599245c
3b627e7cb08c4f55b6600b7d809501535f4eb6511c593a723680ce91255fe277
8453795f047dac85338a8d8e5697f367ae85539409610861b96c5276ed8a388f
2f55514f2a51c752cb53a55b7d5ea0608261d6630967da67676e8c6d36733773
31755079d588988a4a909190f590c4968d871559884e594f0e4e898a3f8f1098
ad507c5e9659b95bb85eda63fa63c164dc664a69d8690b6db66e94712875af7a
8a7f00804984c9848189218b0a8e65907d960a997e619162326b836c746dcc7f
fc7fc06d857fba87f8886567b1833c98f7961b6d617d3d846a91714e7553505d
046beb6fcd852d86a78929520f54655c4e67a86806748374e275cf88e188cc91
e29678968b5f8773cb7a4e84a06365758952416d9c6e097459756b78927c8696
dc7a8d9fb64f6e61c5655c86864eae4eda50214ecc51ee5b99658168bc6d1f73
4276ad771c7ae77c6f82d28a7c90cf91759618989b52d17d2b5098539767cb6d
d0713374e8812a8fa396579c9f9e60744158996d2f7d5e98e44e364f8b4fb751
b152ba5d1c60b2733c79d3823492b796f6960a97979e629fa666746b1752a352
c870c288c95e4b609061236f49713e7cf47d6f80ee8423902c9342546f9bd36a
8970c28cef8d3297b452415aca5e045f17677c6994696a6d0f6f6272fc72ed7b
01807e804b87ce906d51939e84798b803293d68a2d508c54718a6a6bc48c0781
d160a067f29d994e984e109c6b8ac185688500697e6e97785581ffff0c5f104e
154e2a4e314e364e3c4e3f4e424e564e584e824e854e6b8c8a4e12820d5f8e4e
9e4e9f4ea04ea24eb04eb34eb64ece4ecd4ec44ec64ec24ed74ede4eed4edf4e
f74e094f5a4f304f5b4f5d4f574f474f764f884f8f4f984f7b4f694f704f914f
6f4f864f964f1851d44fdf4fce4fd84fdb4fd14fda4fd04fe44fe54f1a502850
14502a50255005501c4ff64f215029502c50fe4fef4f11500650435047500367
5550505048505a5056506c50785080509a508550b450b250c950ca50b350c250
d650de50e550ed50e350ee50f950f5500951015102511651155114511a512151
3a5137513c513b513f51405152514c5154516251f87a69516a516e5180518251
d8568c5189518f519151935195519651a451a651a251a951aa51ab51b351b151
b251b051b551bd51c551c951db51e0515586e951ed51f051f551fe5104520b52
14520e5227522a522e52335239524f5244524b524c525e5254526a5274526952
73527f527d528d5294529252715288529152a88fa78fac52ad52bc52b552c152
cd52d752de52e352e652ed98e052f352f552f852f9520653085338750d531053
0f5315531a5323532f53315333533853405346534553174e49534d53d6515e53
69536e5318597b53775382539653a053a653a553ae53b053b653c353127cd996
df53fc66ee71ee53e853ed53fa5301543d5440542c542d543c542e5436542954
1d544e548f5475548e545f5471547754705492547b5480547654845490548654
c754a254b854a554ac54c454c854a854ab54c254a454be54bc54d854e554e654
0f551455fd54ee54ed54fa54e2543955405563554c552e555c55455556555755
385533555d5599558055af548a559f557b557e5598559e55ae557c558355a955
8755a855da55c555df55c455dc55e455d4551456f7551656fe55fd551b56f955
4e565056df7134563656325638566b5664562f566c566a56865680568a56a056
94568f56a556ae56b656b456c256bc56c156c356c056c856ce56d156d356d756
ee56f9560057ff560457095708570b570d57135718571657c7551c5726573757
38574e573b5740574f576957c057885761577f5789579357a057b357a457aa57
b057c357c657d457d257d3570a58d657e3570b5819581d587258215862584b58
7058c06b52583d5879588558b9589f58ab58ba58de58bb58b858ae58c558d358
d158d758d958d858e558dc58e458df58ef58fa58f958fb58fc58fd5802590a59
10591b59a66825592c592d59325938593e59d27a555950594e595a5958596259
605967596c596959785981599d595e4fab4fa359b259c659e859dc598d59d959
da59255a1f5a115a1c5a095a1a5a405a6c5a495a355a365a625a6a5a9a5abc5a
be5acb5ac25abd5ae35ad75ae65ae95ad65afa5afb5a0c5b0b5b165b325bd05a
2a5b365b3e5b435b455b405b515b555b5a5b5b5b655b695b705b735b755b785b
88657a5b805b835ba65bb85bc35bc75bc95bd45bd05be45be65be25bde5be55b
eb5bf05bf65bf35b055c075c085c0d5c135c205c225c285c385c395c415c465c
4e5c535c505c4f5c715b6c5c6e5c624e765c795c8c5c915c945c9b59ab5cbb5c
b65cbc5cb75cc55cbe5cc75cd95ce95cfd5cfa5ced5c8c5dea5c0b5d155d175d
5c5d1f5d1b5d115d145d225d1a5d195d185d4c5d525d4e5d4b5d6c5d735d765d
875d845d825da25d9d5dac5dae5dbd5d905db75dbc5dc95dcd5dd35dd25dd65d
db5deb5df25df55d0b5e1a5e195e115e1b5e365e375e445e435e405e4e5e575e
545e5f5e625e645e475e755e765e7a5ebc9e7f5ea05ec15ec25ec85ed05ecf5e
d65ee35edd5eda5edb5ee25ee15ee85ee95eec5ef15ef35ef05ef45ef85efe5e
035f095f5d5f5c5f0b5f115f165f295f2d5f385f415f485f4c5f4e5f2f5f515f
565f575f595f615f6d5f735f775f835f825f7f5f8a5f885f915f875f9e5f995f
985fa05fa85fad5fbc5fd65ffb5fe45ff85ff15fdd5fb360ff5f216060601960
106029600e6031601b6015602b6026600f603a605a6041606a6077605f604a60
46604d6063604360646042606c606b60596081608d60e76083609a6084609b60
966097609260a7608b60e160b860e060d360b460f05fbd60c660b560d8604d61
15610661f660f7600061f460fa6003612161fb60f1600d610e6147613e612861
27614a613f613c612c6134613d614261446173617761586159615a616b617461
6f61656171615f615d6153617561996196618761ac6194619a618a619161ab61
ae61cc61ca61c961f761c861c361c661ba61cb61797fcd61e661e361f661fa61
f461ff61fd61fc61fe610062086209620d620c6214621b621e6221622a622e62
30623262336241624e625e6263625b62606268627c62826289627e6292629362
9662d46283629462d762d162bb62cf62ff62c662d464c862dc62cc62ca62c262
c7629b62c9620c63ee62f162276302630863ef62f56250633e634d631c644f63
96638e638063ab637663a3638f6389639f63b5636b636963be63e963c063c663
e363c963d263f663c4631664346406641364266436641d65176428640f646764
6f6476644e642a6595649364a564a9648864bc64da64d264c564c764bb64d864
c264f164e7640982e064e164ac62e364ef642c65f664f464f264fa640065fd64
18651c650565246523652b65346535653765366538654b754865566555654d65
58655e655d6572657865826583658a8b9b659f65ab65b765c365c665c165c465
cc65d265db65d965e065e165f16572670a660366fb6573673566366634661c66
4f664466496641665e665d666466676668665f6662667066836688668e668966
846698669d66c166b966c966be66bc66c466b866d666da66e0663f66e666e966
f066f566f7660f6716671e672667276738972e673f6736674167386737674667
5e67606759676367646789677067a9677c676a678c678b67a667a1678567b767
ef67b467ec67b367e967b867e467de67dd67e267ee67b967ce67c667e7679c6a
1e684668296840684d6832684e68b3682b685968636877687f689f688f68ad68
94689d689b688368ae6ab9687468b568a068ba680f698d687e680169ca680869
d86822692669e1680c69cd68d468e768d568366912690469d768e3682569f968
e068ef6828692a691a6923692169c668796977695c6978696b6954697e696e69
396974693d695969306961695e695d6981696a69b269ae69d069bf69c169d369
be69ce69e85bca69dd69bb69c369a7692e6a9169a0699c699569b469de69e869
026a1b6aff690a6bf969f269e769056ab1691e6aed69146aeb690a6a126ac16a
236a136a446a0c6a726a366a786a476a626a596a666a486a386a226a906a8d6a
a06a846aa26aa36a976a1786bb6ac36ac26ab86ab36aac6ade6ad16adf6aaa6a
da6aea6afb6a056b1686fa6a126b166b319b1f6b386b376bdc76396bee98476b
436b496b506b596b546b5b6b5f6b616b786b796b7f6b806b846b836b8d6b986b
956b9e6ba46baa6bab6baf6bb26bb16bb36bb76bbc6bc66bcb6bd36bdf6bec6b
eb6bf36bef6bbe9e086c136c146c1b6c246c236c5e6c556c626c6a6c826c8d6c
9a6c816c9b6c7e6c686c736c926c906cc46cf16cd36cbd6cd76cc56cdd6cae6c
b16cbe6cba6cdb6cef6cd96cea6c1f6d4d88366d2b6d3d6d386d196d356d336d
126d0c6d636d936d646d5a6d796d596d8e6d956de46f856df96d156e0a6eb56d
c76de66db86dc66dec6dde6dcc6de86dd26dc56dfa6dd96de46dd56dea6dee6d
2d6e6e6e2e6e196e726e5f6e3e6e236e6b6e2b6e766e4d6e1f6e436e3a6e4e6e
246eff6e1d6e386e826eaa6e986ec96eb76ed36ebd6eaf6ec46eb26ed46ed56e
8f6ea56ec26e9f6e416f116f4c70ec6ef86efe6e3f6ff26e316fef6e326fcc6e
3e6f136ff76e866f7a6f786f816f806f6f6f5b6ff36f6d6f826f7c6f586f8e6f
916fc26f666fb36fa36fa16fa46fb96fc66faa6fdf6fd56fec6fd46fd86ff16f
ee6fdb6f09700b70fa6f117001700f70fe6f1b701a70746f1d7018701f703070
3e7032705170637099709270af70f170ac70b870b370ae70df70cb70dd70d970
0971fd701c711971657155718871667162714c7156716c718f71fb7184719571
a871ac71d771b971be71d271c971d471ce71e071ec71e771f571fc71f971ff71
0d7210721b7228722d722c72307232723b723c723f72407246724b7258727472
7e7282728172877292729672a272a772b972b272c372c672c472ce72d272e272
e072e172f972f7720f5017730a731c7316731d7334732f73297325733e734e73
4f73d89e57736a7368737073787375737b737a73c873b373ce73bb73c073e573
ee73de73a27405746f742574f87332743a7455743f745f74597441745c746974
707463746a7476747e748b749e74a774ca74cf74d474f173e074e374e774e974
ee74f274f074f174f874f7740475037505750c750e750d75157513751e752675
2c753c7544754d754a7549755b7546755a756975647567756b756d7578757675
8675877574758a758975827594759a759d75a575a375c275b375c375b575bd75
b875bc75b175cd75ca75d275d975e375de75fe75ff75fc750176f075fa75f275
f3750b760d7609761f7627762076217622762476347630763b76477648764676
5c76587661766276687669766a7667766c7670767276767678767c7680768376
88768b768e769676937699769a76b076b476b876b976ba76c276cd76d676d276
de76e176e576e776ea762f86fb76087707770477297724771e77257726771b77
3777387747775a7768776b775b7765777f777e7779778e778b779177a0779e77
b077b677b977bf77bc77bd77bb77c777cd77d777da77dc77e377ee77fc770c78
1278267920782a7945788e78747886787c789a788c78a378b578aa78af78d178
c678cb78d478be78bc78c578ca78ec78e778da78fd78f4780779127911791979
2c792b794079607957795f795a79557953797a797f798a799d79a7794b9faa79
ae79b379b979ba79c979d579e779ec79e179e379087a0d7a187a197a207a1f7a
8079317a3b7a3e7a377a437a577a497a617a627a697a9d9f707a797a7d7a887a
977a957a987a967aa97ac87ab07ab67ac57ac47abf7a8390c77aca7acd7acf7a
d57ad37ad97ada7add7ae17ae27ae67aed7af07a027b0f7b0a7b067b337b187b
197b1e7b357b287b367b507b7a7b047b4d7b0b7b4c7b457b757b657b747b677b
707b717b6c7b6e7b9d7b987b9f7b8d7b9c7b9a7b8b7b927b8f7b5d7b997bcb7b
c17bcc7bcf7bb47bc67bdd7be97b117c147ce67be57b607c007c077c137cf37b
f77b177c0d7cf67b237c277c2a7c1f7c377c2b7c3d7c4c7c437c547c4f7c407c
507c587c5f7c647c567c657c6c7c757c837c907ca47cad7ca27cab7ca17ca87c
b37cb27cb17cae7cb97cbd7cc07cc57cc27cd87cd27cdc7ce27c3b9bef7cf27c
f47cf67cfa7c067d027d1c7d157d0a7d457d4b7d2e7d327d3f7d357d467d737d
567d4e7d727d687d6e7d4f7d637d937d897d5b7d8f7d7d7d9b7dba7dae7da37d
b57dc77dbd7dab7d3d7ea27daf7ddc7db87d9f7db07dd87ddd7de47dde7dfb7d
f27de17d057e0a7e237e217e127e317e1f7e097e0b7e227e467e667e3b7e357e
397e437e377e327e3a7e677e5d7e567e5e7e597e5a7e797e6a7e697e7c7e7b7e
837ed57d7d7eae8f7f7e887e897e8c7e927e907e937e947e967e8e7e9b7e9c7e
387f3a7f457f4c7f4d7f4e7f507f517f557f547f587f5f7f607f687f697f677f
787f827f867f837f887f877f8c7f947f9e7f9d7f9a7fa37faf7fb27fb97fae7f
b67fb87f718bc57fc67fca7fd57fd47fe17fe67fe97ff37ff97fdc9806800480
0b801280188019801c80218028803f803b804a804680528058805a805f806280
6880738072807080768079807d807f808480868085809b8093809a80ad809051
ac80db80e580d980dd80c480da80d6800981ef80f1801b81298123812f814b81
8b9646813e8153815181fc8071816e81658166817481838188818a8180818281
a0819581a481a3815f819381a981b081b581be81b881bd81c081c281ba81c981
cd81d181d981d881c881da81df81e081e781fa81fb81fe810182028205820782
0a820d821082168229822b82388233824082598258825d825a825f8264826282
68826a826b822e827182778278827e828d829282ab829f82bb82ac82e182e382
df82d282f482f382fa8293830383fb82f982de820683dc820983d98235833483
16833283318340833983508345832f832b831783188385839a83aa839f83a283
968323838e8387838a837c83b58373837583a0838983a883f4831384eb83ce83
fd830384d8830b84c183f7830784e083f2830d8422842084bd8338840685fb83
6d842a843c845a85848477846b84ad846e848284698446842c846f8479843584
ca846284b984bf849f84d984cd84bb84da84d084c184c684d684a1842185ff84
f484178518852c851f8515851485fc844085638558854885418502864b855585
8085a485888591858a85a8856d8594859b85ea8587859c8577857e859085c985
ba85cf85b985d085d585dd85e585dc85f9850a8613860b86fe85fa8506862286
1a8630863f864d86554e54865f86678671869386a386a986aa868b868c86b686
af86c486c686b086c9862388ab86d486de86e986ec86df86db86ef8612870687
088700870387fb86118709870d87f9860a8734873f8737873b87258729871a87
60875f8778874c874e877487578768876e875987538763876a870588a2879f87
8287af87cb87bd87c087d087d696ab87c487b387c787c687bb87ef87f287e087
0f880d88fe87f687f7870e88d287118816881588228821883188368839882788
3b8844884288528859885e8862886b8881887e889e8875887d88b58872888288
97889288ae889988a2888d88a488b088bf88b188c388c488d488d888d988dd88
f9880289fc88f488e888f28804890c890a89138943891e8925892a892b894189
44893b89368938894c891d8960895e89668964896d896a896f89748977897e89
838988898a8993899889a189a989a689ac89af89b289ba89bd89bf89c089da89
dc89dd89e789f489f889038a168a108a0c8a1b8a1d8a258a368a418a5b8a528a
468a488a7c8a6d8a6c8a628a858a828a848aa88aa18a918aa58aa68a9a8aa38a
c48acd8ac28ada8aeb8af38ae78ae48af18a148be08ae28af78ade8adb8a0c8b
078b1a8be18a168b108b178b208b338bab97268b2b8b3e8b288b418b4c8b4f8b
4e8b498b568b5b8b5a8b6b8b5f8b6c8b6f8b748b7d8b808b8c8b8e8b928b938b
968b998b9a8b3a8c418c3f8c488c4c8c4e8c508c558c628c6c8c788c7a8c828c
898c858c8a8c8d8c8e8c948c7c8c988c1d62ad8caa8cbd8cb28cb38cae8cb68c
c88cc18ce48ce38cda8cfd8cfa8cfb8c048d058d0a8d078d0f8d0d8d108d4e9f
138dcd8c148d168d678d6d8d718d738d818d998dc28dbe8dba8dcf8dda8dd68d
cc8ddb8dcb8dea8deb8ddf8de38dfc8d088e098eff8d1d8e1e8e108e1f8e428e
358e308e348e4a8e478e498e4c8e508e488e598e648e608e2a8e638e558e768e
728e7c8e818e878e858e848e8b8e8a8e938e918e948e998eaa8ea18eac8eb08e
c68eb18ebe8ec58ec88ecb8edb8ee38efc8efb8eeb8efe8e0a8f058f158f128f
198f138f1c8f1f8f1b8f0c8f268f338f3b8f398f458f428f3e8f4c8f498f468f
4e8f578f5c8f628f638f648f9c8f9f8fa38fad8faf8fb78fda8fe58fe28fea8f
ef8f8790f48f0590f98ffa8f1190159021900d901e9016900b90279036903590
3990f88f4f905090519052900e9049903e90569058905e9068906f907690a896
729082907d90819080908a9089908f90a890af90b190b590e290e4904862db90
029112911991329130914a9156915891639165916991739172918b9189918291
a291ab91af91aa91b591b491ba91c091c191c991cb91d091d691df91e191db91
fc91f591f6911e92ff9114922c92159211925e92579245924992649248929592
3f924b9250929c92969293929b925a92cf92b992b792e9920f93fa9244932e93
199322931a9323933a9335933b935c9360937c936e935693b093ac93ad939493
b993d693d793e893e593d893c393dd93d093c893e4931a941494139403940794
109436942b94359421943a944194529444945b94609462945e946a9429927094
759477947d945a947c947e9481947f94829587958a959495969598959995a095
a895a795ad95bc95bb95b995be95ca95f66fc395cd95cc95d595d495d695dc95
e195e595e295219628962e962f9642964c964f964b9677965c965e965d965f96
669672966c968d96989695969796aa96a796b196b296b096b496b696b896b996
ce96cb96c996cd964d89dc960d97d596f99604970697089713970e9711970f97
1697199724972a97309739973d973e97449746974897429749975c9760976497
66976897d2526b977197799785977c9781977a9786978b978f9790979c97a897
a697a397b397b497c397c697c897cb97dc97ed974f9ff297df7af697f5970f98
0c9838982498219837983d9846984f984b986b986f987098719874987398aa98
af98b198b698c498c398c698e998eb980399099912991499189921991d991e99
249920992c992e993d993e9942994999459950994b99519952994c9955999799
9899a599ad99ae99bc99df99db99dd99d899d199ed99ee99f199f299fb99f899
019a0f9a059ae299199a2b9a379a459a429a409a439a3e9a559a4d9a5b9a579a
5f9a629a659a649a699a6b9a6a9aad9ab09abc9ac09acf9ad19ad39ad49ade9a
df9ae29ae39ae69aef9aeb9aee9af49af19af79afb9a069b189b1a9b1f9b229b
239b259b279b289b299b2a9b2e9b2f9b329b449b439b4f9b4d9b4e9b519b589b
749b939b839b919b969b979b9f9ba09ba89bb49bc09bca9bb99bc69bcf9bd19b
d29be39be29be49bd49be19b3a9cf29bf19bf09b159c149c099c139c0c9c069c
089c129c0a9c049c2e9c1b9c259c249c219c309c479c329c469c3e9c5a9c609c
679c769c789ce79cec9cf09c099d089deb9c039d069d2a9d269daf9d239d1f9d
449d159d129d419d3f9d3e9d469d489d5d9d5e9d649d519d509d599d729d899d
879dab9d6f9d7a9d9a9da49da99db29dc49dc19dbb9db89dba9dc69dcf9dc29d
d99dd39df89de69ded9def9dfd9d1a9e1b9e1e9e759e799e7d9e819e889e8b9e
8c9e929e959e919e9d9ea59ea99eb89eaa9ead9e6197cc9ece9ecf9ed09ed49e
dc9ede9edd9ee09ee59ee89eef9ef49ef69ef79ef99efb9efc9efd9e079f089f
b776159f219f2c9f3e9f4a9f529f549f639f5f9f609f619f669f679f6c9f6a9f
779f729f769f959f9c9fa09f2f58c76959906474dc5199712e0000004c435f43
4f4c4c41544500004c435f4354595045000000004c435f4d4f4e455441525900
4c435f4e554d4552494300004c435f54494d45004c435f4d4553534147455300
0001000304000000000001000304000000000000070304000000000000000304
0000000000000000040000000000020003040000000000010005060500000000
0100050600000000000000030400000000000008000000000000000008000000
0000000000000000000000000808080808080808080808080808080808080808
0808080808080808080808080708080702080807080806070807050800010101
0101010101010808080808080804080404040404080808080308080408080804
0804080804080808080808080804080404040404030403080308040404030804
0304080804080308080808080808080808080808080808080808080808080808
0808080808080808080808080808080808080808080808080808080808080808
0808080808080808080808080808080808080808080808080808080808080808
0808080808080808080808080808080808080808080808080808080808080808
08080808080808080808080801020b040b0506010b01020b040b0506010b0b0b
03040b050b0b0b0b0b0b040b050b0b0b0b0b0b0b0b0b0b0b0b05080b040b0b07
0b0b0b090b040b050b0b0b0b0a0b040b0b0b0b0b0b0b0b040b0b0b0b0b0b0b03
0b0b0b0b0b0b0b0b080b0b0b0b0b0b0000000000000000000020202020202020
2020282828282820202020202020202020202020202020202088101010101010
1010101010101010100404040404040404040410101010101010414141414141
0101010101010101010101010101010101010101101010101010424242424242
0202020202020202020202020202020202020202101010102000000000000000
0000000000000000000000000000000000000000000000000000000000000000
0000000000000000000000000000000000000000000000000000000000000000
0000000000000000000000000000000000000000000000000000000000000000
00000000000000000000000000000000000000000000000000ffffff7374646e
756c6c00bc000102000000000000000000000000d98400020000000000000000
0000000000000000000000000000000000000000000000000000000000000000
0000000000000000000000000000000000000000000000000000000000000000
000000000000000000000000611500023115000200000000000000000133a0e3
002293e5081293e5083283e500004fe10b402de9221802e0b82053e1012082e1
b82043e184209fe5023c83e2040092e5000050e30300000a010010e00500001a
082082e2f8ffffeab210c3e10b40bde8081283e50ef0a0e1002092e5000052e3
f8ffff0a00100fe1df10c1e31f1081e301f029e1b200c3e104e02de500e08fe2
12ff2fe104e09de40133a0e3083283e500300fe1df30c3e3923083e303f029e1
0b40bde8081283e500f069e10ef0a0e170030003ff03ff0340ba000201000000
000000000000000001000000000000000000000000050003ffffffff00000000
f007000368080003e00800030000000000000000000000000000000000000000
0000000000000000000000000000000000000000000000000000000000000000
0000000000000000000000000000000000000000000000000000000000000000
0000000000000000000000000000000000000000000000000000000000000000
0000000000000000000000000000000000000000000000000000000000000000
0000000001000000000000000e33cdab34126de6ecde05000b00000000000000
0000000000000000000000000000000000000000000000000000000000000000
0000000000000000000000000000000000000000000000000000000000000000
0000000000000000000000000000000000000000000000000000000000000000
0000000000000000000000000000000000000000000000000000000000000000
0000000000000000000000000000000000000000000000000000000000000000
0000000000000000000000000000000000000000000000000000000000000000
0000000000000000000000000000000000000000000000000000000000000000
0000000000000000000000000000000000000000000000000000000000000000
0000000000000000000000000000000000000000000000000000000000000000
0000000000000000000000000000000000000000000000000000000000000000
0000000000000000000000000000000000000000000000000000000000000000
0000000000000000000000000000000000000000000000000000000000000000
0000000000000000000000000000000000000000000000000000000000000000
0000000000000000000000000000000000000000000000000000000000000000
0000000000000000000000000000000000000000000000000000000000000000
0000000000000000000000000000000000000000000000000000000000000000
0000000000000000000000000000000000000000000000000000000000000000
0000000000000000000000000000000000000000000000000000000000000000
0000000000000000000000000000000000000000000000000000000000000000
0000000000000000000000000000000000000000000000000000000000000000
0000000000000000000000000000000000000000000000000000000000000000
0000000000000000000000000000000000000000000000000000000000000000
0000000000000000000000000000000000000000000000000000000000000000
0000000000000000000000000000000000000000000000000000000000000000
0000000000000000000000000000000000000000000000000000000000000000
0000000000000000000000000000000000000000000000000000000000000000
0000000000000000000000000000000000000000000000000000000000000000
0000000000000000000000000000000000000000000000000000000000000000
0000000000000000000000000000000000000000000000000000000043000000
0000000000000000000000000000000000000000000000000000000043000000
0000000000000000000000000000000000000000000000000000000043000000
0000000000000000000000000000000000000000000000000000000043000000
0000000000000000000000000000000000000000000000000000000043000000
0000000000000000000000000000000000000000000000000000000043000000
0000000000000000000000000000000000000000000000000000000043000000
0000000000000000000000000000000000000000000000000000000049830002
9d71000200000000b8ff000298fd000240ba000240ba000240ba000240ba0002
40ba000240ba000240ba000240ba000240ba0002ffffffffffffffffffffffff
ffff000001004153434949000000000000000000000000000000000000000000
0000000000004153434949000000000000000000000000000000000000000000
00000000000000000000000000000000cc0a0003cc0a0003d40a0003d40a0003
dc0a0003dc0a0003e40a0003e40a0003ec0a0003ec0a0003f40a0003f40a0003
fc0a0003fc0a0003040b0003040b00030c0b00030c0b0003140b0003140b0003
1c0b00031c0b0003240b0003240b00032c0b00032c0b0003340b0003340b0003
3c0b00033c0b0003440b0003440b00034c0b00034c0b0003540b0003540b0003
5c0b00035c0b0003640b0003640b00036c0b00036c0b0003740b0003740b0003
7c0b00037c0b0003840b0003840b00038c0b00038c0b0003940b0003940b0003
9c0b00039c0b0003a40b0003a40b0003ac0b0003ac0b0003b40b0003b40b0003
bc0b0003bc0b0003c40b0003c40b0003cc0b0003cc0b0003d40b0003d40b0003
dc0b0003dc0b0003e40b0003e40b0003ec0b0003ec0b0003f40b0003f40b0003
fc0b0003fc0b0003040c0003040c00030c0c00030c0c0003140c0003140c0003
1c0c00031c0c0003240c0003240c00032c0c00032c0c0003340c0003340c0003
3c0c00033c0c0003440c0003440c00034c0c00034c0c0003540c0003540c0003
5c0c00035c0c0003640c0003640c00036c0c00036c0c0003740c0003740c0003
7c0c00037c0c0003840c0003840c00038c0c00038c0c0003940c0003940c0003
9c0c00039c0c0003a40c0003a40c0003ac0c0003ac0c0003b40c0003b40c0003
bc0c0003bc0c0003c40c0003c40c0003cc0c0003cc0c0003d40c0003d40c0003
dc0c0003dc0c0003e40c0003e40c0003ec0c0003ec0c0003f40c0003f40c0003
fc0c0003fc0c0003040d0003040d00030c0d00030c0d0003140d0003140d0003
1c0d00031c0d0003240d0003240d00032c0d00032c0d0003340d0003340d0003
3c0d00033c0d0003440d0003440d00034c0d00034c0d0003540d0003540d0003
5c0d00035c0d0003640d0003640d00036c0d00036c0d0003740d0003740d0003
7c0d00037c0d0003840d0003840d00038c0d00038c0d0003940d0003940d0003
9c0d00039c0d0003a40d0003a40d0003ac0d0003ac0d0003b40d0003b40d0003
bc0d0003bc0d0003c40d0003c40d0003cc0d0003cc0d0003d40d0003d40d0003
dc0d0003dc0d0003e40d0003e40d0003ec0d0003ec0d0003f40d0003f40d0003
fc0d0003fc0d0003040e0003040e00030c0e00030c0e0003140e0003140e0003
1c0e00031c0e0003240e0003240e00032c0e00032c0e0003340e0003340e0003
3c0e00033c0e0003440e0003440e00034c0e00034c0e0003540e0003540e0003
5c0e00035c0e0003640e0003640e00036c0e00036c0e0003740e0003740e0003
7c0e00037c0e0003840e0003840e00038c0e00038c0e0003940e0003940e0003
9c0e00039c0e0003a40e0003a40e0003ac0e0003ac0e0003b40e0003b40e0003
bc0e0003bc0e0003c40e0003c40e0003ffffffff000002000100000000000000
00000000c4000102c4000102c4000102c4000102c4000102c4000102c4000102
c4000102c4000102c4000102c4000102c4000102c4000102c4000102c4000102
c400010201000000020000000100000000000000000000000100000000000000
010000000100000000000000380f0003440f00032c0f00030000000000000000
0000000000000000000000000000000000000000000000000000000000000000
0000000000000000000000000000000000000000000000000000000000000000
0000000000000000000000000000000000000000000000000000000000000000
0000000000000000000000000000000000000000000000000000000000000000
0000000000000000000000000000000000000000000000000000000000000000
0000000000000000000000000000000000000000000000000000000000000000
0000000000000000000000000000000000000000000000000000000000000000
0000000000000000000000000000000000000000000000000000000000000000
0000000000000000000000000000000000000000000000000000000000000000
0000000000000000000000000000000000000000000000000000000000000000
0000000000000000000000000000000000000000000000000000000000000000
0000000000000000000000000000000000000000000000000000000000000000
0000000000000000000000000000000000000000000000000000000000000000
0000000000000000000000000000000000000000000000000000000000000000
0000000000000000000000000000000000000000000000000000000000000000
0000000000000000000000000000000000000000000000000000000000000000
0000000000000000000000000000000000000000000000000000000000000000
0000000000000000000000000000000000000000000000000000000000000000
0000000000000000000000000000000000000000000000000000000000000000
0000000000000000000000000000000000000000000000000000000000000000
0000000000000000000000000000000000000000000000000000000000000000
0000000000000000000000000000000000000000000000000000000000000000
0000000000000000000000000000000000000000000000000000000000000000
0000000000000000000000000000000000000000000000000000000000000000
0000000000000000000000000000000000000000000000000000000000000000
0000000000000000000000000000000000000000000000000000000000000000
0000000000000000000000000000000000000000000000000000000000000000
0000000000000000000000000000000000000000000000000000000000000000
0000000000000000000000000000000000000000000000000000000000000000
0000000000000000000000000000000000000000000000000000000000000000
0000000000000000000000000000000000000000000000000000000000000000
0000000000000000000000000000000000000000000000000000000000000000
0000000000000000000000000000000000000000000000000000000000000000
0000000000000000000000000000000000000000000000000000000000000000
0000000000000000000000000000000000000000000000000000000000000000
0000000000000000000000000000000000000000000000000000000000000000
0000000000000000000000000000000000000000000000000000000000000000
0000000000000000000000000000000000000000000000000000000000000000
0000000000000000000000000000000000000000000000000000000000000000
0000000000000000000000000000000000000000000000000000000000000000
0000000000000000000000000000000000000000000000000000000000000000
0000000000000000000000000000000000000000000000000000000000000000
0000000000000000000000000000000000000000000000000000000000000000
0000000000000000000000000000000000000000000000000000000000000000
0000000000000000000000000000000000000000000000000000000000000000
0000000000000000000000000000000000000000000000000000000000000000
0000000000000000000000000000000000000000000000000000000000000000
0000000000000000000000000000000000000000000000000000000000000000
0000000000000000000000000000000000000000000000000000000000000000
0000000000000000000000000000000000000000000000000000000000000000
0000000000000000000000000000000000000000000000000000000000000000
0000000000000000000000000000000000000000000000000000000000000000
0000000000000000000000000000000000000000000000000000000000000000
0000000000000000000000000000000000000000000000000000000000000000
0000000000000000000000000000000000000000000000000000000000000000
0000000000000000000000000000000000000000000000000000000000000000
0000000000000000000000000000000000000000000000000000000000000000
0000000000000000000000000000000000000000000000000000000000000000
0000000000000000000000000000000000000000000000000000000000000000
0000000000000000000000000000000000000000000000000000000000000000
0000000000000000000000000000000000000000000000000000000000000000
0000000000000000000000000000000000000000000000000000000000000000
0000000000000000000000000000000000000000000000000000000000000000
0000000000000000000000000000000000000000000000000000000000000000
0000000000000000000000000000000000000000000000000000000000000000
0000000000000000000000000000000000000000000000000000000000000000
0000000000000000000000000000000000000000000000000000000000000000
0000000000000000000000000000000000000000000000000000000000000000
0000000000000000000000000000000000000000000000000000000000000000
0000000000000000000000000000000000000000000000000000000000000000
0000000000000000000000000000000000000000000000000000000000000000
0000000000000000000000000000000000000000000000000000000000000000
0000000000000000000000000000000000000000000000000000000000000000
0000000000000000000000000000000000000000000000000000000000000000
0000000000000000000000000000000000000000000000000000000000000000
0000000000000000000000000000000000000000000000000000000000000000
0000000000000000000000000000000000000000000000000000000000000000
0000000000000000000000000000000000000000000000000000000000000000
0000000000000000000000000000000000000000000000000000000000000000
0000000000000000000000000000000000000000000000000000000000000000
0000000000000000000000000000000000000000000000000000000000000000
0000000000000000000000000000000000000000000000000000000000000000
0000000000000000000000000000000000000000000000000000000000000000
0000000000000000000000000000000000000000000000000000000000000000
0000000000000000000000000000000000000000000000000000000000000000
0000000000000000000000000000000000000000000000000000000000000000
0000000000000000000000000000000000000000000000000000000000000000
0000000000000000000000000000000000000000000000000000000000000000
0000000000000000000000000000000000000000000000000000000000000000
0000000000000000000000000000000000000000000000000000000000000000
0000000000000000000000000000000000000000000000000000000000000000
0000000000000000000000000000000000000000000000000000000000000000
0000000000000000000000000000000000000000000000000000000000000000
0000000000000000000000000000000000000000000000000000000000000000
0000000000000000000000000000000000000000000000000000000000000000
0000000000000000000000000000000000000000000000000000000000000000
0000000000000000000000000000000000000000000000000000000000000000
0000000000000000000000000000000000000000000000000000000000000000
0000000000000000000000000000000000000000000000000000000000000000
0000000000000000000000000000000000000000000000000000000000000000
0000000000000000000000000000000000000000000000000000000000000000
0000000000000000000000000000000000000000000000000000000000000000
0000000000000000000000000000000000000000000000000000000000000000
0000000000000000000000000000000000000000000000000000000000000000
0000000000000000000000000000000000000000000000000000000000000000
0000000000000000000000000000000000000000000000000000000000000000
0000000000000000000000000000000000000000000000000000000000000000
0000000000000000000000000000000000000000000000000000000000000000
0000000000000000000000000000000000000000000000000000000000000000
0000000000000000000000000000000000000000000000000000000000000000
0000000000000000000000000000000000000000000000000000000000000000
0000000000000000000000000000000000000000000000000000000000000000
0000000000000000000000000000000000000000000000000000000000000000
0000000000000000000000000000000000000000000000000000000000000000
0000000000000000000000000000000000000000000000000000000000000000
0000000000000000000000000000000000000000000000000000000000000000
0000000000000000000000000000000000000000000000000000000000000000
0000000000000000000000000000000000000000000000000000000000000000
0000000000000000000000000000000000000000000000000000000000000000
0000000000000000000000000000000000000000000000000000000000000000
0000000000000000000000000000000000000000000000000000000000000000
0000000000000000000000000000000000000000000000000000000000000000
0000000000000000000000000000000000000000000000000000000000000000
0000000000000000000000000000000000000000000000000000000000000000
0000000000000000000000000000000000000000000000000000000000000000
0000000000000000000000000000000000000000000000000000000000000000
0000000000000000000000000000000000000000000000000000000000000000
000000000000000000000000
